gene,variant,drugs,clinical_significance,chromosome,start,stop,reference_bases,variant_bases,representative_transcript
MAP2K1,P124S,Selumetinib,Resistance,15,66729162.0,66729162.0,C,T,ENST00000307102.5
MAP2K1,Q56P,Selumetinib,Resistance,15,66727451.0,66727451.0,A,C,ENST00000307102.5
PDGFRA,D842V,Imatinib,Resistance,4,55152093.0,55152093.0,A,T,ENST00000257290.5
ARAF,S214C,Sorafenib,Sensitivity/Response,X,47426121.0,47426121.0,C,G,ENST00000377045.4
JAK2,V617F,Fedratinib,Sensitivity/Response,9,5073770.0,5073770.0,G,T,ENST00000381652.3
NRAS,G13D,Tanespimycin,Sensitivity/Response,1,115258744.0,115258744.0,C,T,ENST00000369535.4
NRAS,Q61L,Temozolomide,Sensitivity/Response,1,115256529.0,115256529.0,T,A,ENST00000369535.4
NRAS,Q61R,Temozolomide,Sensitivity/Response,1,115256529.0,115256529.0,T,C,ENST00000369535.4
ALK,F1174L,Crizotinib,Resistance,2,29443695.0,29443695.0,G,T,ENST00000389048.3
ALK,F1174L,Alectinib,Sensitivity/Response,2,29443695.0,29443695.0,G,T,ENST00000389048.3
ALK,F1174L,Crizotinib,Sensitivity/Response,2,29443695.0,29443695.0,G,T,ENST00000389048.3
ALK,R1275Q,TAE684,Sensitivity/Response,2,29432664.0,29432664.0,C,T,ENST00000389048.3
ARAF,S214C,Trametinib,Sensitivity/Response,X,47426121.0,47426121.0,C,G,ENST00000377045.4
KIT,L576P,Dasatinib,Sensitivity/Response,4,55593661.0,55593661.0,T,C,ENST00000288135.5
PDGFRA,D842I,Crenolanib,Sensitivity/Response,4,55152092.0,55152093.0,GA,AT,ENST00000257290.5
PDGFRA,D842V,Crenolanib,Sensitivity/Response,4,55152093.0,55152093.0,A,T,ENST00000257290.5
PDGFRA,D842Y,Crenolanib,Sensitivity/Response,4,55152092.0,55152092.0,G,T,ENST00000257290.5
ALK,R1275Q,TAE684,Resistance,2,29432664.0,29432664.0,C,T,ENST00000389048.3
RET,C634W,Motesanib,Resistance,10,43609950.0,43609950.0,C,G,ENST00000355710.3
RET,M918T,Motesanib,Resistance,10,43617416.0,43617416.0,T,C,ENST00000355710.3
RET,M918T,AZD1480,Sensitivity/Response,10,43617416.0,43617416.0,T,C,ENST00000355710.3
BRAF,V600E,Vemurafenib,Resistance,7,140453136.0,140453136.0,A,T,ENST00000288602.6
BRAF,V600E,Dabrafenib,Resistance,7,140453136.0,140453136.0,A,T,ENST00000288602.6
BRAF,V600D,Dabrafenib,Sensitivity/Response,7,140453135.0,140453136.0,CA,AT,ENST00000288602.6
BRAF,V600E,Vemurafenib,Sensitivity/Response,7,140453136.0,140453136.0,A,T,ENST00000288602.6
ALK,L1196M,Alectinib,Sensitivity/Response,2,29443631.0,29443631.0,G,T,ENST00000389048.3
ALK,F1174L,TAE684,Sensitivity/Response,2,29443695.0,29443695.0,G,T,ENST00000389048.3
ALK,R1275Q,Crizotinib,Sensitivity/Response,2,29432664.0,29432664.0,C,T,ENST00000389048.3
ABL1,E255K,Imatinib,Resistance,9,133738363.0,133738363.0,G,A,ENST00000318560.5
ABL1,T315I,Imatinib,Resistance,9,133748283.0,133748283.0,C,T,ENST00000318560.5
ALK,C1156Y,Crizotinib,Resistance,2,29445258.0,29445258.0,C,T,ENST00000389048.3
ALK,L1196M,Crizotinib,Resistance,2,29443631.0,29443631.0,G,T,ENST00000389048.3
EGFR,T790M,Erlotinib,Resistance,7,55249071.0,55249071.0,C,T,ENST00000275493.2
EGFR,T790M,Gefitinib,Resistance,7,55249071.0,55249071.0,C,T,ENST00000275493.2
EGFR,T790M,Dacomitinib,Resistance,7,55249071.0,55249071.0,C,T,ENST00000275493.2
ERBB2,L755S,Lapatinib,Resistance,17,37880220.0,37880220.0,T,C,ENST00000269571.5
KIT,V654A,Imatinib,Resistance,4,55594258.0,55594258.0,T,C,ENST00000288135.5
DDR2,G253C,Dasatinib,Sensitivity/Response,1,162729671.0,162729671.0,G,T,ENST00000367922.3
DDR2,G505S,Dasatinib,Sensitivity/Response,1,162741822.0,162741822.0,G,A,ENST00000367922.3
DDR2,G774V,Dasatinib,Sensitivity/Response,1,162748407.0,162748407.0,G,T,ENST00000367922.3
DDR2,I638F,Dasatinib,Sensitivity/Response,1,162745497.0,162745497.0,A,T,ENST00000367922.3
DDR2,L239R,Dasatinib,Sensitivity/Response,1,162729630.0,162729630.0,T,G,ENST00000367922.3
DDR2,L63V,Dasatinib,Sensitivity/Response,1,162724415.0,162724415.0,C,G,ENST00000367922.3
EGFR,G719S,Gefitinib,Sensitivity/Response,7,55241707.0,55241707.0,G,A,ENST00000275493.2
EGFR,L858R,Gefitinib,Sensitivity/Response,7,55259515.0,55259515.0,T,G,ENST00000275493.2
EGFR,T790M,Staurosporine,Sensitivity/Response,7,55249071.0,55249071.0,C,T,ENST00000275493.2
ERBB2,D769Y,Neratinib,Sensitivity/Response,17,37880261.0,37880261.0,G,T,ENST00000269571.5
ERBB2,G309A,Neratinib,Sensitivity/Response,17,37868205.0,37868205.0,G,C,ENST00000269571.5
ERBB2,L755S,Neratinib,Sensitivity/Response,17,37880220.0,37880220.0,T,C,ENST00000269571.5
ERBB2,L755W,Neratinib,Sensitivity/Response,17,37880220.0,37880220.0,T,G,ENST00000269571.5
ERBB2,R896C,Neratinib,Sensitivity/Response,17,37881616.0,37881616.0,C,T,ENST00000269571.5
ERBB2,V777L,Neratinib,Sensitivity/Response,17,37881000.0,37881000.0,G,T,ENST00000269571.5
ERBB2,V842I,Neratinib,Sensitivity/Response,17,37881332.0,37881332.0,G,A,ENST00000269571.5
KIT,V654A,Sunitinib,Sensitivity/Response,4,55594258.0,55594258.0,T,C,ENST00000288135.5
PIK3CA,E542K,MEN1611,Sensitivity/Response,3,178936082.0,178936082.0,G,A,ENST00000263967.3
PIK3CA,E542K,Sirolimus,Sensitivity/Response,3,178936082.0,178936082.0,G,A,ENST00000263967.3
PIK3CA,H1047R,MEN1611,Sensitivity/Response,3,178952085.0,178952085.0,A,G,ENST00000263967.3
TP53,R175H,Doxorubicin,Sensitivity/Response,17,7578406.0,7578406.0,C,T,ENST00000269305.4
BTK,C481S,Ibrutinib,Resistance,X,100611165.0,100611165.0,A,T,ENST00000308731.7
AKT1,Q79K,Vemurafenib,Resistance,14,105243048.0,105243048.0,G,T,ENST00000407796.2
ALK,G1202R,Crizotinib,Resistance,2,29443613.0,29443613.0,C,T,ENST00000389048.3
ALK,S1206Y,Crizotinib,Resistance,2,29443600.0,29443600.0,G,T,ENST00000389048.3
ABL1,F317L,Dasatinib,Resistance,9,133748288.0,133748288.0,T,C,ENST00000318560.5
ABL1,F317L,Ponatinib,Sensitivity/Response,9,133748288.0,133748288.0,T,C,ENST00000318560.5
EGFR,T790M,Rociletinib,Sensitivity/Response,7,55249071.0,55249071.0,C,T,ENST00000275493.2
ATM,N2875H,Olaparib,Sensitivity/Response,11,108218044.0,108218044.0,A,C,ENST00000278616.4
PDGFRA,V561A,Imatinib,Sensitivity/Response,4,55141036.0,55141036.0,T,C,ENST00000257290.5
MTHFR,A222V,Fluorouracil,Sensitivity/Response,1,11856378.0,11856378.0,G,A,ENST00000376592.1
GSTP1,I105V,FOLFOX Regimen,Sensitivity/Response,11,67352689.0,67352689.0,A,G,ENST00000398606.3
ABCB1,S893T,Paclitaxel,Sensitivity/Response,7,87160618.0,87160618.0,A,T,ENST00000265724.3
ERCC2,K751Q,Cisplatin,Resistance,19,45854919.0,45854919.0,T,G,ENST00000391945.4
AKT1,E17K,Uprosertib,Sensitivity/Response,14,105246551.0,105246551.0,C,T,ENST00000407796.2
AKT1,E17K,Capivasertib,Sensitivity/Response,14,105246551.0,105246551.0,C,T,ENST00000407796.2
BRAF,L597R,Vemurafenib,Sensitivity/Response,7,140453145.0,140453145.0,A,C,ENST00000288602.6
IDH1,R132C,GSK321,Sensitivity/Response,2,209113113.0,209113113.0,G,A,ENST00000415913.1
PIK3CA,P471L,Idelalisib,Sensitivity/Response,3,178928226.0,178928226.0,C,T,ENST00000263967.3
SMO,D473H,Vismodegib,Resistance,7,128849189.0,128849189.0,G,C,ENST00000249373.3
BRAF,V600E,Pictilisib,Sensitivity/Response,7,140453136.0,140453136.0,A,T,ENST00000288602.6
ALK,L1152R,Crizotinib,Resistance,2,29445270.0,29445270.0,A,C,ENST00000389048.3
ALK,G1269A,Crizotinib,Resistance,2,29432682.0,29432682.0,C,G,ENST00000389048.3
MAPK1,E322K,Erlotinib,Sensitivity/Response,22,22127164.0,22127164.0,C,T,ENST00000215832.6
KRAS,A146V,Abemaciclib,Sensitivity/Response,12,25378561.0,25378561.0,G,A,ENST00000256078.4
KRAS,G12V,Palbociclib,Sensitivity/Response,12,25398284.0,25398284.0,C,A,ENST00000256078.4
ALK,C1156Y,Lorlatinib,Sensitivity/Response,2,29445258.0,29445258.0,C,T,ENST00000389048.3
EGFR,L858R,Afatinib,Sensitivity/Response,7,55259515.0,55259515.0,T,G,ENST00000275493.2
EGFR,L858R,Erlotinib,Sensitivity/Response,7,55259515.0,55259515.0,T,G,ENST00000275493.2
KRAS,G12D,MK2206,Sensitivity/Response,12,25398284.0,25398284.0,C,T,ENST00000256078.4
NQO1,P187S,Amrubicin,Sensitivity/Response,16,69745145.0,69745145.0,G,A,ENST00000320623.5
EGFR,T790M,Osimertinib,Sensitivity/Response,7,55249071.0,55249071.0,C,T,ENST00000275493.2
EGFR,C797S,Osimertinib,Resistance,7,55249091.0,55249091.0,T,A,ENST00000275493.2
IDH1,R132H,AGI-5198,Sensitivity/Response,2,209113112.0,209113112.0,C,T,ENST00000415913.1
PML,A216V,Tretinoin,Resistance,15,74315213.0,74315213.0,C,T,ENST00000268058.3
PML,L218P,Tretinoin,Resistance,15,74315219.0,74315219.0,T,C,ENST00000268058.3
SMO,D473H,Patidegib,Sensitivity/Response,7,128849189.0,128849189.0,G,C,ENST00000249373.3
ROS1,G2032R,Crizotinib,Resistance,6,117638347.0,117638347.0,C,T,ENST00000368508.3
ROS1,G2032R,Cabozantinib,Sensitivity/Response,6,117638347.0,117638347.0,C,T,ENST00000368508.3
MTOR,F2108L,Everolimus,Resistance,1,11187094.0,11187094.0,G,T,ENST00000361445.4
BRAF,V600E,Cobimetinib,Sensitivity/Response,7,140453136.0,140453136.0,A,T,ENST00000288602.6
PIK3CA,E545K,Gefitinib,Resistance,3,178936091.0,178936091.0,G,A,ENST00000263967.3
KDR,R961W,Regorafenib,Sensitivity/Response,4,55961059.0,55961059.0,G,A,ENST00000263923.4
TP53,P47S,Cisplatin,Resistance,17,7579548.0,7579548.0,G,A,ENST00000269305.4
FGFR1,N546K,Ponatinib,Sensitivity/Response,8,38274849.0,38274849.0,G,T,ENST00000341462.5
ROS1,G2032R,Lorlatinib,Sensitivity/Response,6,117638347.0,117638347.0,C,T,ENST00000368508.3
ROS1,L2026M,Crizotinib,Resistance,6,117638365.0,117638365.0,G,T,ENST00000368508.3
ROS1,L2026M,Lorlatinib,Sensitivity/Response,6,117638365.0,117638365.0,G,T,ENST00000368508.3
ROS1,G2032R,Foretinib,Sensitivity/Response,6,117638347.0,117638347.0,C,T,ENST00000368508.3
ROS1,L2026M,Foretinib,Sensitivity/Response,6,117638365.0,117638365.0,G,T,ENST00000368508.3
ROS1,G2101A,Crizotinib,Resistance,6,117631376.0,117631376.0,C,G,ENST00000368508.3
ROS1,G2101A,Foretinib,Sensitivity/Response,6,117631376.0,117631376.0,C,G,ENST00000368508.3
ALK,V1180L,Alectinib,Resistance,2,29443679.0,29443679.0,C,G,ENST00000389048.3
ALK,V1180L,Crizotinib,Resistance,2,29443679.0,29443679.0,C,G,ENST00000389048.3
ALK,V1180L,Ceritinib,Sensitivity/Response,2,29443679.0,29443679.0,C,G,ENST00000389048.3
ALK,V1180L,TAE684,Sensitivity/Response,2,29443679.0,29443679.0,C,G,ENST00000389048.3
ALK,V1180L,Brigatinib,Sensitivity/Response,2,29443679.0,29443679.0,C,G,ENST00000389048.3
FLT3,T227M,Sunitinib,Adverse Response,13,28624294.0,28624294.0,G,A,ENST00000241453.7
MTOR,S2215Y,Sirolimus,Sensitivity/Response,1,11184573.0,11184573.0,G,T,ENST00000361445.4
MTOR,C1483Y,Sirolimus,Sensitivity/Response,1,11217230.0,11217230.0,C,T,ENST00000361445.4
MTOR,E1799K,Sirolimus,Sensitivity/Response,1,11190804.0,11190804.0,C,T,ENST00000361445.4
ALK,F1174L,AZD3463,Sensitivity/Response,2,29443695.0,29443695.0,G,T,ENST00000389048.3
ALK,F1174L,Lorlatinib,Sensitivity/Response,2,29443695.0,29443695.0,G,T,ENST00000389048.3
ALK,F1245C,Lorlatinib,Sensitivity/Response,2,29436859.0,29436859.0,A,C,ENST00000389048.3
ALK,R1275Q,Lorlatinib,Sensitivity/Response,2,29432664.0,29432664.0,C,T,ENST00000389048.3
ALK,F1245C,Crizotinib,Resistance,2,29436859.0,29436859.0,A,C,ENST00000389048.3
ALK,F1245C,Ceritinib,Sensitivity/Response,2,29436859.0,29436859.0,A,C,ENST00000389048.3
ALK,L1196M,Ceritinib,Sensitivity/Response,2,29443631.0,29443631.0,G,T,ENST00000389048.3
ALK,G1269A,Ceritinib,Sensitivity/Response,2,29432682.0,29432682.0,C,G,ENST00000389048.3
ALK,S1206Y,Ceritinib,Sensitivity/Response,2,29443600.0,29443600.0,G,T,ENST00000389048.3
ALK,G1202R,Ceritinib,Resistance,2,29443613.0,29443613.0,C,T,ENST00000389048.3
ALK,G1202R,Alectinib,Resistance,2,29443613.0,29443613.0,C,T,ENST00000389048.3
ALK,G1202R,Brigatinib,Resistance,2,29443613.0,29443613.0,C,T,ENST00000389048.3
ALK,G1202R,Tanespimycin,Sensitivity/Response,2,29443613.0,29443613.0,C,T,ENST00000389048.3
ALK,G1269A,Brigatinib,Sensitivity/Response,2,29432682.0,29432682.0,C,G,ENST00000389048.3
ALK,G1269A,Alectinib,Resistance,2,29432682.0,29432682.0,C,G,ENST00000389048.3
PIK3CA,H1047R,Dactolisib,Sensitivity/Response,3,178952085.0,178952085.0,A,G,ENST00000263967.3
RET,M918T,Sorafenib,Sensitivity/Response,10,43617416.0,43617416.0,T,C,ENST00000355710.3
CDK4,R24C,Palbociclib,Sensitivity/Response,12,58145431.0,58145431.0,G,A,ENST00000257904.6
ABL1,T315I,Ponatinib,Sensitivity/Response,9,133748283.0,133748283.0,C,T,ENST00000318560.5
EGFR,S768I,Erlotinib,Sensitivity/Response,7,55249005.0,55249005.0,G,T,ENST00000275493.2
EGFR,S768I,Gefitinib,Sensitivity/Response,7,55249005.0,55249005.0,G,T,ENST00000275493.2
BRAF,V600K,Vemurafenib,Sensitivity/Response,7,140453136.0,140453137.0,AC,TT,ENST00000288602.6
PIK3CA,H1047R,Alpelisib,Sensitivity/Response,3,178952085.0,178952085.0,A,G,ENST00000263967.3
SF3B1,K700E,Spliceostatin A,Sensitivity/Response,2,198266834.0,198266834.0,T,C,ENST00000335508.6
SF3B1,K666N,Spliceostatin A,Sensitivity/Response,2,198267359.0,198267359.0,C,A,ENST00000335508.6
KIT,M541L,Imatinib,Sensitivity/Response,4,55593464.0,55593464.0,A,C,ENST00000288135.5
PDGFRA,T674I,Imatinib,Resistance,4,55144547.0,55144547.0,C,T,ENST00000257290.5
PIK3CA,E545K,BCP32858,Resistance,3,178936091.0,178936091.0,G,A,ENST00000263967.3
BRAF,L597S,MEK Inhibitor TAK-733,Sensitivity/Response,7,140453145.0,140453146.0,AG,GA,ENST00000288602.6
BRAF,L597V,Trametinib,Sensitivity/Response,7,140453146.0,140453146.0,G,C,ENST00000288602.6
PIK3CA,H1047R,Taselisib,Sensitivity/Response,3,178952085.0,178952085.0,A,G,ENST00000263967.3
NRAS,Q61K,Vemurafenib,Resistance,1,115256530.0,115256530.0,G,T,ENST00000369535.4
NRAS,Q61K,Selumetinib,Sensitivity/Response,1,115256530.0,115256530.0,G,T,ENST00000369535.4
GNAQ,Q209P,Vemurafenib,Resistance,9,80409488.0,80409488.0,T,G,ENST00000286548.4
GNAQ,Q209P,PLX4720,Resistance,9,80409488.0,80409488.0,T,G,ENST00000286548.4
MTOR,F2108L,Sirolimus,Resistance,1,11187094.0,11187094.0,G,T,ENST00000361445.4
MTOR,M2327I,AZD8055,Resistance,1,11177096.0,11177096.0,C,A,ENST00000361445.4
MTOR,A2034V,Sirolimus,Resistance,1,11187796.0,11187796.0,G,A,ENST00000361445.4
PIK3CA,E542K,Apitolisib,Sensitivity/Response,3,178936082.0,178936082.0,G,A,ENST00000263967.3
PIK3CA,E545K,Apitolisib,Sensitivity/Response,3,178936091.0,178936091.0,G,A,ENST00000263967.3
FLT3,D835H,Sorafenib,Resistance,13,28592642.0,28592642.0,C,G,ENST00000241453.7
KRAS,G12D,Vemurafenib,Resistance,12,25398284.0,25398284.0,C,T,ENST00000256078.4
MAP2K1,C121S,Vemurafenib,Resistance,15,66729154.0,66729154.0,G,C,ENST00000307102.5
FGFR3,S249C,Pazopanib,Sensitivity/Response,4,1803568.0,1803568.0,C,G,ENST00000340107.4
STK11,D194E,Everolimus,Sensitivity/Response,19,1220489.0,1220489.0,C,A,ENST00000326873.7
MET,D1228N,Crizotinib,Resistance,7,116423407.0,116423407.0,G,A,ENST00000397752.3
BRAF,L505H,Vemurafenib,Resistance,7,140477794.0,140477794.0,A,T,ENST00000288602.6
KIT,D816V,Midostaurin,Sensitivity/Response,4,55599321.0,55599321.0,A,T,ENST00000288135.5
ERBB3,V104M,Afatinib,Sensitivity/Response,12,56478854.0,56478854.0,G,A,ENST00000267101.3
ERBB3,R103G,Afatinib,Sensitivity/Response,12,56478851.0,56478851.0,C,G,ENST00000267101.3
ERBB3,G284R,Afatinib,Sensitivity/Response,12,56481922.0,56481922.0,G,A,ENST00000267101.3
PDGFRA,T674I,Ponatinib,Sensitivity/Response,4,55144547.0,55144547.0,C,T,ENST00000257290.5
EGFR,K757R,Erlotinib,Sensitivity/Response,7,55242500.0,55242500.0,A,G,ENST00000275493.2
EGFR,E746G,Erlotinib,Sensitivity/Response,7,55242467.0,55242467.0,A,G,ENST00000275493.2
SLCO1B1,N130D,Methotrexate,Adverse Response,12,21329738.0,21329738.0,A,G,ENST00000256958.2
EGFR,T790M,Afatinib,Resistance,7,55249071.0,55249071.0,C,T,ENST00000275493.2
MET,D1228V,Cabozantinib,Sensitivity/Response,7,116423408.0,116423408.0,A,T,ENST00000397752.3
MET,D1228V,Savolitinib,Resistance,7,116423408.0,116423408.0,A,T,ENST00000397752.3
NTRK3,G623R,Entrectinib,Resistance,15,88476265.0,88476265.0,C,T,ENST00000394480.2
ERBB2,G776L,Afatinib,Sensitivity/Response,17,37880997.0,37880998.0,GG,CT,ENST00000269571.5
JAK1,S703I,Ruxolitinib,Sensitivity/Response,1,65311203.0,65311203.0,C,A,ENST00000342505.4
BTK,T316A,Ibrutinib,Resistance,X,100613633.0,100613633.0,T,C,ENST00000308731.7
ERBB2,T862A,Lapatinib,Sensitivity/Response,17,37881392.0,37881392.0,A,G,ENST00000269571.5
ERBB2,V773A,Lapatinib,Sensitivity/Response,17,37880989.0,37880989.0,T,C,ENST00000269571.5
ERBB2,N857S,Lapatinib,Sensitivity/Response,17,37881378.0,37881378.0,A,G,ENST00000269571.5
ERBB2,H878Y,Lapatinib,Sensitivity/Response,17,37881440.0,37881440.0,C,T,ENST00000269571.5
KRAS,G12A,Gefitinib,Resistance,12,25398284.0,25398284.0,C,G,ENST00000256078.4
KRAS,G12A,Melphalan,Resistance,12,25398284.0,25398284.0,C,G,ENST00000256078.4
PIK3CA,E542K,Pictilisib,Sensitivity/Response,3,178936082.0,178936082.0,G,A,ENST00000263967.3
PIK3CA,E545K,Pictilisib,Sensitivity/Response,3,178936091.0,178936091.0,G,A,ENST00000263967.3
PIK3CA,E545K,PI103,Sensitivity/Response,3,178936091.0,178936091.0,G,A,ENST00000263967.3
KRAS,G13D,Pictilisib,Resistance,12,25398281.0,25398281.0,C,T,ENST00000256078.4
PIK3CA,E542K,PI-103,Sensitivity/Response,3,178936082.0,178936082.0,G,A,ENST00000263967.3
PIK3CA,C420R,Pictilisib,Sensitivity/Response,3,178927980.0,178927980.0,T,C,ENST00000263967.3
PIK3CA,K111N,Pictilisib,Sensitivity/Response,3,178916946.0,178916946.0,G,C,ENST00000263967.3
PIK3CA,H1047L,Pictilisib,Sensitivity/Response,3,178952085.0,178952085.0,A,T,ENST00000263967.3
PIK3CA,H1047R,Pictilisib,Sensitivity/Response,3,178952085.0,178952085.0,A,G,ENST00000263967.3
BRAF,V600E,Oxaliplatin,Resistance,7,140453136.0,140453136.0,A,T,ENST00000288602.6
BRAF,V600E,Irinotecan,Resistance,7,140453136.0,140453136.0,A,T,ENST00000288602.6
BRAF,V600E,Trametinib,Sensitivity/Response,7,140453136.0,140453136.0,A,T,ENST00000288602.6
EGFR,T790M,Lapatinib,Resistance,7,55249071.0,55249071.0,C,T,ENST00000275493.2
EGFR,T790M,Dacomitinib,Sensitivity/Response,7,55249071.0,55249071.0,C,T,ENST00000275493.2
EGFR,T790M,Neratinib,Sensitivity/Response,7,55249071.0,55249071.0,C,T,ENST00000275493.2
EGFR,T790M,Afatinib,Sensitivity/Response,7,55249071.0,55249071.0,C,T,ENST00000275493.2
EGFR,T790M,Canertinib,Sensitivity/Response,7,55249071.0,55249071.0,C,T,ENST00000275493.2
ABL1,F359V,Imatinib,Resistance,9,133748414.0,133748414.0,T,G,ENST00000318560.5
ABL1,F359V,Nilotinib,Resistance,9,133748414.0,133748414.0,T,G,ENST00000318560.5
ATM,T2666A,Doxorubicin,Resistance,11,108204681.0,108204681.0,A,G,ENST00000278616.4
ATM,R3008C,Doxorubicin,Resistance,11,108236086.0,108236086.0,C,T,ENST00000278616.4
KRAS,G12D,Gefitinib,Resistance,12,25398284.0,25398284.0,C,T,ENST00000256078.4
KRAS,G12D,Melphalan,Resistance,12,25398284.0,25398284.0,C,T,ENST00000256078.4
KRAS,G12C,Gefitinib,Resistance,12,25398285.0,25398285.0,C,A,ENST00000256078.4
KRAS,G12C,Melphalan,Resistance,12,25398285.0,25398285.0,C,A,ENST00000256078.4
KRAS,G12V,Gefitinib,Resistance,12,25398284.0,25398284.0,C,A,ENST00000256078.4
KRAS,G12S,Gefitinib,Resistance,12,25398285.0,25398285.0,C,T,ENST00000256078.4
KRAS,G12S,Melphalan,Resistance,12,25398285.0,25398285.0,C,T,ENST00000256078.4
IDH1,R132C,Temozolomide,Sensitivity/Response,2,209113113.0,209113113.0,G,A,ENST00000415913.1
IDH1,R132C,AGI-5198,Sensitivity/Response,2,209113113.0,209113113.0,G,A,ENST00000415913.1
IDH1,R132C,Ivosidenib,Sensitivity/Response,2,209113113.0,209113113.0,G,A,ENST00000415913.1
IDH1,R132C,BPTES,Sensitivity/Response,2,209113113.0,209113113.0,G,A,ENST00000415913.1
KIT,D816V,Imatinib,Resistance,4,55599321.0,55599321.0,A,T,ENST00000288135.5
PDGFRA,V561D,Imatinib,Sensitivity/Response,4,55141036.0,55141036.0,T,A,ENST00000257290.5
BRAF,V600K,Dabrafenib,Sensitivity/Response,7,140453136.0,140453137.0,AC,TT,ENST00000288602.6
BRAF,V600K,Trametinib,Sensitivity/Response,7,140453136.0,140453137.0,AC,TT,ENST00000288602.6
EGFR,G719A,Gefitinib,Sensitivity/Response,7,55241708.0,55241708.0,G,C,ENST00000275493.2
EGFR,L858R,Lapatinib,Sensitivity/Response,7,55259515.0,55259515.0,T,G,ENST00000275493.2
EGFR,L858R,Dacomitinib,Sensitivity/Response,7,55259515.0,55259515.0,T,G,ENST00000275493.2
EGFR,L858R,Neratinib,Sensitivity/Response,7,55259515.0,55259515.0,T,G,ENST00000275493.2
EGFR,L858R,Canertinib,Sensitivity/Response,7,55259515.0,55259515.0,T,G,ENST00000275493.2
ABL1,M244V,Imatinib,Sensitivity/Response,9,133738330.0,133738330.0,A,G,ENST00000318560.5
ABL1,L248V,Imatinib,Resistance,9,133738342.0,133738342.0,C,G,ENST00000318560.5
ABL1,G250E,Imatinib,Resistance,9,133738349.0,133738349.0,G,A,ENST00000318560.5
ABL1,G250E,Nilotinib,Resistance,9,133738349.0,133738349.0,G,A,ENST00000318560.5
ABL1,Q252H,Imatinib,Sensitivity/Response,9,133738356.0,133738356.0,G,C,ENST00000318560.5
ABL1,Q252H,Imatinib,Resistance,9,133738356.0,133738356.0,G,C,ENST00000318560.5
ABL1,Y253F,Imatinib,Resistance,9,133738358.0,133738358.0,A,T,ENST00000318560.5
ABL1,E255V,Imatinib,Resistance,9,133738364.0,133738364.0,A,T,ENST00000318560.5
ABL1,E255K,Nilotinib,Resistance,9,133738363.0,133738363.0,G,A,ENST00000318560.5
ABL1,D276G,Imatinib,Resistance,9,133747520.0,133747520.0,A,G,ENST00000318560.5
ABL1,D276G,Nilotinib,Sensitivity/Response,9,133747520.0,133747520.0,A,G,ENST00000318560.5
ABL1,T315I,Nilotinib,Resistance,9,133748283.0,133748283.0,C,T,ENST00000318560.5
ABL1,F317L,Imatinib,Resistance,9,133748288.0,133748288.0,T,C,ENST00000318560.5
ABL1,S417Y,Imatinib,Resistance,9,133750419.0,133750419.0,C,A,ENST00000318560.5
ABL1,M351T,Imatinib,Sensitivity/Response,9,133748391.0,133748391.0,T,C,ENST00000318560.5
ABL1,M351T,Imatinib,Resistance,9,133748391.0,133748391.0,T,C,ENST00000318560.5
ABL1,M351T,Nilotinib,Sensitivity/Response,9,133748391.0,133748391.0,T,C,ENST00000318560.5
ABL1,H396R,Imatinib,Resistance,9,133750356.0,133750356.0,A,G,ENST00000318560.5
ABL1,F486S,Nilotinib,Sensitivity/Response,9,133755488.0,133755488.0,T,C,ENST00000318560.5
ATM,F1025L,Doxorubicin,Resistance,11,108142131.0,108142131.0,T,G,ENST00000278616.4
ATM,D1930V,Doxorubicin,Resistance,11,108180913.0,108180913.0,A,T,ENST00000278616.4
ATM,L2427P,Doxorubicin,Resistance,11,108199938.0,108199938.0,T,C,ENST00000278616.4
ATM,F2732V,Doxorubicin,Resistance,11,108206614.0,108206614.0,T,G,ENST00000278616.4
ATM,D1682H,Doxorubicin,Resistance,11,108170479.0,108170479.0,G,C,ENST00000278616.4
ATM,A2062V,Doxorubicin,Resistance,11,108186827.0,108186827.0,C,T,ENST00000278616.4
ATM,C2488Y,Doxorubicin,Resistance,11,108201096.0,108201096.0,G,A,ENST00000278616.4
ABL1,E255V,Nilotinib,Resistance,9,133738364.0,133738364.0,A,T,ENST00000318560.5
ABL1,E292V,Nilotinib,Resistance,9,133747568.0,133747568.0,A,T,ENST00000318560.5
ABL1,V299L,Nilotinib,Sensitivity/Response,9,133747588.0,133747588.0,G,C,ENST00000318560.5
ABL1,L387F,Nilotinib,Resistance,9,133750330.0,133750330.0,G,C,ENST00000318560.5
ABL1,G398R,Nilotinib,Sensitivity/Response,9,133750361.0,133750361.0,G,C,ENST00000318560.5
BRCA2,M1R,Rucaparib,Sensitivity/Response,13,32890599.0,32890599.0,T,G,ENST00000544455.1
BRCA2,M1I,Rucaparib,Sensitivity/Response,13,32890600.0,32890600.0,G,T,ENST00000544455.1
BRCA2,V159M,Rucaparib,Sensitivity/Response,13,32900287.0,32900287.0,G,A,ENST00000544455.1
BRCA2,V211L,Rucaparib,Sensitivity/Response,13,32900751.0,32900751.0,G,C,
BRCA2,V211I,Rucaparib,Sensitivity/Response,13,32900751.0,32900751.0,G,A,
BRCA2,R2336P,Rucaparib,Sensitivity/Response,13,32921033.0,32921033.0,G,C,ENST00000544455.1
KIT,D820Y,Imatinib,Resistance,4,55599332.0,55599332.0,G,T,ENST00000288135.5
KIT,D820Y,Sunitinib,Sensitivity/Response,4,55599332.0,55599332.0,G,T,ENST00000288135.5
KIT,K642E,Imatinib,Sensitivity/Response,4,55594221.0,55594221.0,A,G,ENST00000288135.5
KIT,N822K,Imatinib,Resistance,4,55599340.0,55599340.0,T,A,ENST00000288135.5
KIT,Y823D,Imatinib,Resistance,4,55599341.0,55599341.0,T,G,ENST00000288135.5
KIT,C809G,Imatinib,Resistance,4,55599299.0,55599299.0,T,G,ENST00000288135.5
KIT,D820A,Imatinib,Resistance,4,55599333.0,55599333.0,A,C,ENST00000288135.5
KIT,D820G,Imatinib,Resistance,4,55599333.0,55599333.0,A,G,ENST00000288135.5
KIT,D816H,Imatinib,Resistance,4,55599320.0,55599320.0,G,C,ENST00000288135.5
KIT,T670I,Imatinib,Resistance,4,55595519.0,55595519.0,C,T,ENST00000288135.5
MAP2K1,K57N,Selumetinib,Sensitivity/Response,15,66727455.0,66727455.0,G,T,ENST00000307102.5
PIK3CA,E545K,Cisplatin,Resistance,3,178936091.0,178936091.0,G,A,ENST00000263967.3
ALK,F1245V,Entrectinib,Sensitivity/Response,2,29436860.0,29436860.0,A,C,ENST00000389048.3
FLT3,D835V,Tandutinib,Resistance,13,28592641.0,28592641.0,T,A,ENST00000241453.7
KIT,V559D,Imatinib,Sensitivity/Response,4,55593610.0,55593610.0,T,A,ENST00000288135.5
TP53,R248Q,AMGMDS3,Resistance,17,7577538.0,7577538.0,C,T,ENST00000269305.4
KRAS,G12A,Regorafenib,Resistance,12,25398284.0,25398284.0,C,G,ENST00000256078.4
PIK3CA,E545K,Vemurafenib,Resistance,3,178936091.0,178936091.0,G,A,ENST00000263967.3
PIK3CA,E545G,Vemurafenib,Resistance,3,178936092.0,178936092.0,A,G,ENST00000263967.3
PIK3CA,H1047R,Vemurafenib,Resistance,3,178952085.0,178952085.0,A,G,ENST00000263967.3
EGFR,L861Q,Gefitinib,Sensitivity/Response,7,55259524.0,55259524.0,T,A,ENST00000275493.2
ABL1,F359V,Dasatinib,Reduced Sensitivity,9,133748414.0,133748414.0,T,G,ENST00000318560.5
ABL1,F359V,Dasatinib,Resistance,9,133748414.0,133748414.0,T,G,ENST00000318560.5
HRAS,G13D,Vemurafenib,Resistance,11,534285.0,534285.0,C,T,ENST00000451590.1
KRAS,G13D,Regorafenib,Resistance,12,25398281.0,25398281.0,C,T,ENST00000256078.4
KRAS,G12V,Regorafenib,Resistance,12,25398284.0,25398284.0,C,A,ENST00000256078.4
KRAS,G12D,Regorafenib,Resistance,12,25398284.0,25398284.0,C,T,ENST00000256078.4
KRAS,G12C,Regorafenib,Resistance,12,25398285.0,25398285.0,C,A,ENST00000256078.4
KRAS,G12R,Regorafenib,Resistance,12,25398285.0,25398285.0,C,G,ENST00000256078.4
KRAS,G12S,Regorafenib,Resistance,12,25398285.0,25398285.0,C,T,ENST00000256078.4
FLT3,D835V,Sunitinib,Sensitivity/Response,13,28592641.0,28592641.0,T,A,ENST00000241453.7
AKT1,E17K,Vemurafenib,Resistance,14,105246551.0,105246551.0,C,T,ENST00000407796.2
PDGFRA,D842V,Sunitinib,Resistance,4,55152093.0,55152093.0,A,T,ENST00000257290.5
KIT,V560D,Sunitinib,Resistance,4,55593613.0,55593613.0,T,A,ENST00000288135.5
KIT,L576P,Sunitinib,Resistance,4,55593661.0,55593661.0,T,C,ENST00000288135.5
KIT,K642E,Dasatinib,Sensitivity/Response,4,55594221.0,55594221.0,A,G,ENST00000288135.5
KIT,N822K,Regorafenib,Resistance,4,55599340.0,55599340.0,T,A,ENST00000288135.5
EGFR,R108K,Erlotinib,Sensitivity/Response,7,55211080.0,55211080.0,G,A,ENST00000275493.2
EGFR,T263P,Erlotinib,Sensitivity/Response,7,55221743.0,55221743.0,A,C,ENST00000275493.2
EGFR,A289V,Erlotinib,Sensitivity/Response,7,55221822.0,55221822.0,C,T,ENST00000275493.2
EGFR,G719S,Erlotinib,Sensitivity/Response,7,55241707.0,55241707.0,G,A,ENST00000275493.2
EGFR,V742A,Erlotinib,Sensitivity/Response,7,55242455.0,55242455.0,T,C,ENST00000275493.2
EGFR,V774A,Gefitinib,Sensitivity/Response,7,55249023.0,55249023.0,T,C,ENST00000275493.2
EGFR,L838P,Gefitinib,Sensitivity/Response,7,55259455.0,55259455.0,T,C,ENST00000275493.2
EGFR,S768I,Erlotinib,Resistance,7,55249005.0,55249005.0,G,T,ENST00000275493.2
EGFR,R831H,Erlotinib,Sensitivity/Response,7,55259434.0,55259434.0,G,A,ENST00000275493.2
EGFR,L858R,Crizotinib,Resistance,7,55259515.0,55259515.0,T,G,ENST00000275493.2
EGFR,L858R,Osimertinib,Sensitivity/Response,7,55259515.0,55259515.0,T,G,ENST00000275493.2
EGFR,L861Q,Erlotinib,Sensitivity/Response,7,55259524.0,55259524.0,T,A,ENST00000275493.2
EGFR,E868G,Erlotinib,Sensitivity/Response,7,55259545.0,55259545.0,A,G,ENST00000275493.2
ABL1,L248V,Axitinib,Resistance,9,133738342.0,133738342.0,C,G,ENST00000318560.5
ABL1,G250E,Bosutinib,Reduced Sensitivity,9,133738349.0,133738349.0,G,A,ENST00000318560.5
ABL1,G250E,Dasatinib,Reduced Sensitivity,9,133738349.0,133738349.0,G,A,ENST00000318560.5
ABL1,G250E,Axitinib,Resistance,9,133738349.0,133738349.0,G,A,ENST00000318560.5
ABL1,Q252H,Axitinib,Resistance,9,133738356.0,133738356.0,G,C,ENST00000318560.5
ABL1,Y253F,Axitinib,Resistance,9,133738358.0,133738358.0,A,T,ENST00000318560.5
ABL1,E255K,Bosutinib,Resistance,9,133738363.0,133738363.0,G,A,ENST00000318560.5
ABL1,E255K,Dasatinib,Reduced Sensitivity,9,133738363.0,133738363.0,G,A,ENST00000318560.5
ABL1,E255K,Axitinib,Resistance,9,133738363.0,133738363.0,G,A,ENST00000318560.5
ABL1,D276G,Axitinib,Resistance,9,133747520.0,133747520.0,A,G,ENST00000318560.5
ABL1,T315I,Bosutinib,Resistance,9,133748283.0,133748283.0,C,T,ENST00000318560.5
ABL1,T315I,Dasatinib,Resistance,9,133748283.0,133748283.0,C,T,ENST00000318560.5
ABL1,T315I,Axitinib,Sensitivity/Response,9,133748283.0,133748283.0,C,T,ENST00000318560.5
ABL1,F317L,Bosutinib,Reduced Sensitivity,9,133748288.0,133748288.0,T,C,ENST00000318560.5
ABL1,F317L,Axitinib,Resistance,9,133748288.0,133748288.0,T,C,ENST00000318560.5
ABL1,M351T,Bosutinib,Reduced Sensitivity,9,133748391.0,133748391.0,T,C,ENST00000318560.5
ABL1,M351T,Dasatinib,Reduced Sensitivity,9,133748391.0,133748391.0,T,C,ENST00000318560.5
ABL1,H396R,Bosutinib,Resistance,9,133750356.0,133750356.0,A,G,ENST00000318560.5
ABL1,H396R,Axitinib,Resistance,9,133750356.0,133750356.0,A,G,ENST00000318560.5
ABL1,F486S,Bosutinib,Resistance,9,133755488.0,133755488.0,T,C,ENST00000318560.5
ABL1,E255V,Axitinib,Resistance,9,133738364.0,133738364.0,A,T,ENST00000318560.5
ABL1,E255V,Bosutinib,Reduced Sensitivity,9,133738364.0,133738364.0,A,T,ENST00000318560.5
EGFR,R776C,Erlotinib,Sensitivity/Response,7,55249028.0,55249028.0,C,T,ENST00000275493.2
BRAF,V600D,Vemurafenib,Sensitivity/Response,7,140453135.0,140453136.0,CA,AT,ENST00000288602.6
EGFR,A864T,Erlotinib,Sensitivity/Response,7,55259532.0,55259532.0,G,A,ENST00000275493.2
EGFR,N826S,Erlotinib,Resistance,7,55259419.0,55259419.0,A,G,ENST00000275493.2
KIT,T670I,Regorafenib,Resistance,4,55595519.0,55595519.0,C,T,ENST00000288135.5
AKT3,E17K,Vemurafenib,Resistance,1,243859016.0,243859016.0,C,T,ENST00000366539.1
ABL1,L384M,Dasatinib,Resistance,9,133750319.0,133750319.0,C,A,ENST00000318560.5
ABL1,M343T,Axitinib,Resistance,9,133748367.0,133748367.0,T,C,ENST00000318560.5
ABL1,F317V,Axitinib,Resistance,9,133748288.0,133748288.0,T,G,ENST00000318560.5
ABL1,V299L,Bosutinib,Reduced Sensitivity,9,133747588.0,133747588.0,G,C,ENST00000318560.5
ABL1,V299L,Dasatinib,Resistance,9,133747588.0,133747588.0,G,C,ENST00000318560.5
ABL1,L387F,Bosutinib,Resistance,9,133750330.0,133750330.0,G,C,ENST00000318560.5
ABL1,G398R,Dasatinib,Sensitivity/Response,9,133750361.0,133750361.0,G,C,ENST00000318560.5
KIT,D820Y,Regorafenib,Sensitivity/Response,4,55599332.0,55599332.0,G,T,ENST00000288135.5
KIT,N822K,Regorafenib,Sensitivity/Response,4,55599340.0,55599340.0,T,A,ENST00000288135.5
SMO,L412F,Vismodegib,Resistance,7,128846398.0,128846398.0,C,T,ENST00000249373.3
EGFR,W731L,Erlotinib,Sensitivity/Response,7,55242422.0,55242422.0,G,T,ENST00000275493.2
EGFR,E734Q,Erlotinib,Sensitivity/Response,7,55242430.0,55242430.0,G,C,ENST00000
EGFR,T785A,Erlotinib,Sensitivity/Response,7,55249055.0,55249055.0,A,G,ENST00000275493.2
EGFR,C797Y,Erlotinib,Sensitivity/Response,7,55249092.0,55249092.0,G,A,ENST00000275493.2
EGFR,Y801H,Erlotinib,Sensitivity/Response,7,55249103.0,55249103.0,T,C,ENST00000275493.2
EGFR,L861R,Gefitinib,Sensitivity/Response,7,55259524.0,55259524.0,T,G,ENST00000
ABL1,E255K,Dasatinib,Resistance,9,133738363.0,133738363.0,G,A,ENST00000318560.5
PIK3CA,D350G,Vemurafenib,Resistance,3,178921567.0,178921567.0,A,G,ENST00000263967.3
TP53,R248W,AMGMDS3,Resistance,17,7577539.0,7577539.0,G,A,ENST00000269305.4
TP53,R175H,AMGMDS3,Resistance,17,7578406.0,7578406.0,C,T,ENST00000269305.4
TP53,R273C,AMGMDS3,Resistance,17,7577121.0,7577121.0,G,A,ENST00000269305.4
TP53,R273H,AMGMDS3,Resistance,17,7577120.0,7577120.0,C,T,ENST00000269305.4
TP53,G245S,AMGMDS3,Resistance,17,7577548.0,7577548.0,C,T,ENST00000269305.4
TP53,Y220C,AMGMDS3,Resistance,17,7578190.0,7578190.0,T,C,ENST00000269305.4
TP53,M237I,AMGMDS3,Resistance,17,7577570.0,7577570.0,C,A,ENST00000269305.4
TP53,R158H,AMGMDS3,Resistance,17,7578457.0,7578457.0,C,T,ENST00000269305.4
TP53,V157F,AMGMDS3,Resistance,17,7578461.0,7578461.0,C,A,ENST00000269305.4
TP53,R158L,AMGMDS3,Resistance,17,7578457.0,7578457.0,C,A,ENST00000269305.4
BRAF,L597Q,Trametinib,Sensitivity/Response,7,140453145.0,140453145.0,A,T,ENST00000288602.6
PDGFRA,D842V,Imatinib Mesylate,Resistance,4,55152093.0,55152093.0,A,T,ENST00000257290.5
KIT,V560D,Imatinib Mesylate,Sensitivity/Response,4,55593613.0,55593613.0,T,A,ENST00000288135.5
BRAF,D594G,Sorafenib,Sensitivity/Response,7,140453154.0,140453154.0,T,C,ENST00000288602.6
BRAF,D594G,U0126,Resistance,7,140453154.0,140453154.0,T,C,ENST00000288602.6
BRAF,G469E,Sorafenib,Sensitivity/Response,7,140481402.0,140481402.0,C,T,
BRAF,G469E,U0126,Resistance,7,140481402.0,140481402.0,C,T,
ABL1,T315A,Dasatinib,Resistance,9,133748282.0,133748282.0,A,G,ENST00000318560.5
ABL1,F317V,Dasatinib,Resistance,9,133748288.0,133748288.0,T,G,ENST00000318560.5
ABL1,F317I,Dasatinib,Resistance,9,133748288.0,133748288.0,T,A,ENST00000318560.5
ABL1,F317S,Dasatinib,Resistance,9,133748289.0,133748289.0,T,C,ENST00000318560.5
ABL1,Q252H,Dasatinib,Resistance,9,133738356.0,133738356.0,G,C,ENST00000318560.5
ABL1,M244V,Imatinib Mesylate,Resistance,9,133738330.0,133738330.0,A,G,ENST00000318560.5
ABL1,L248R,Imatinib Mesylate,Resistance,9,133738343.0,133738343.0,T,G,ENST00000318560.5
ABL1,G250E,Imatinib Mesylate,Resistance,9,133738349.0,133738349.0,G,A,ENST00000318560.5
ABL1,Q252H,Imatinib Mesylate,Resistance,9,133738356.0,133738356.0,G,C,ENST00000318560.5
ABL1,D276G,Imatinib Mesylate,Resistance,9,133747520.0,133747520.0,A,G,ENST00000318560.5
ABL1,F317C,Dasatinib,Resistance,9,133748289.0,133748289.0,T,G,ENST00000318560.5
ABL1,F317L,Imatinib Mesylate,Resistance,9,133748288.0,133748288.0,T,C,ENST00000318560.5
ABL1,M351T,Imatinib Mesylate,Resistance,9,133748391.0,133748391.0,T,C,ENST00000318560.5
ABL1,E355G,Imatinib Mesylate,Resistance,9,133748403.0,133748403.0,A,G,ENST00000318560.5
ABL1,F359V,Imatinib Mesylate,Resistance,9,133748414.0,133748414.0,T,G,ENST00000318560.5
ABL1,V379I,Imatinib Mesylate,Resistance,9,133750304.0,133750304.0,G,A,ENST00000318560.5
ABL1,H396R,Imatinib Mesylate,Resistance,9,133750356.0,133750356.0,A,G,ENST00000318560.5
AKT1,Q79K,Dabrafenib,Resistance,14,105243048.0,105243048.0,G,T,ENST00000407796.2
PREX2,R172I,Vemurafenib,Resistance,8,68939530.0,68939530.0,G,T,ENST00000288368.4
ABL1,E255K,Imatinib Mesylate,Resistance,9,133738363.0,133738363.0,G,A,ENST00000318560.5
CSF3R,T618I,Ruxolitinib,Sensitivity/Response,1,36933434.0,36933434.0,G,A,ENST00000373103.1
ABL1,N336S,Imatinib Mesylate,Resistance,9,133748346.0,133748346.0,A,G,ENST00000318560.5
ABL1,E453A,Imatinib Mesylate,Resistance,9,133753889.0,133753889.0,A,C,ENST00000318560.5
ABL1,L387F,Imatinib Mesylate,Resistance,9,133750330.0,133750330.0,G,C,ENST00000318560.5
ABL1,V299L,Imatinib Mesylate,Resistance,9,133747588.0,133747588.0,G,C,ENST00000318560.5
ABL1,Q300R,Imatinib Mesylate,Resistance,9,133747592.0,133747592.0,A,G,ENST00000318560.5
ABL1,F359I,Imatinib Mesylate,Resistance,9,133748414.0,133748414.0,T,A,ENST00000318560.5
ABL1,F359C,Imatinib Mesylate,Resistance,9,133748415.0,133748415.0,T,G,ENST00000318560.5
ABL1,E255V,Imatinib Mesylate,Resistance,9,133738364.0,133738364.0,A,T,ENST00000318560.5
ABL1,F486S,Imatinib Mesylate,Resistance,9,133755488.0,133755488.0,T,C,ENST00000318560.5
ABL1,T315I,Imatinib Mesylate,Resistance,9,133748283.0,133748283.0,C,T,ENST00000318560.5
ABL1,Y253H,Imatinib Mesylate,Resistance,9,133738357.0,133738357.0,T,C,ENST00000318560.5
ABL1,F317L,Dasatinib,Reduced Sensitivity,9,133748288.0,133748288.0,T,C,ENST00000318560.5
ABL1,A397P,Imatinib Mesylate,Resistance,9,133750358.0,133750358.0,G,C,ENST00000318560.5
ABL1,L248V,Imatinib Mesylate,Resistance,9,133738342.0,133738342.0,C,G,ENST00000318560.5
ABL1,E459K,Imatinib Mesylate,Resistance,9,133753906.0,133753906.0,G,A,ENST00000318560.5
KIT,N822K,Ponatinib,Sensitivity/Response,4,55599340.0,55599340.0,T,A,ENST00000288135.5
MET,R1004G,Crizotinib,Sensitivity/Response,7,116412025.0,116412025.0,C,G,ENST00000397752.8
BRAF,V600D,BRAF Inhibitor,Sensitivity/Response,7,140453135.0,140453136.0,CA,AT,ENST00000288602.6
RET,M918T,Cabozantinib,Sensitivity/Response,10,43617416.0,43617416.0,T,C,ENST00000355710.3
BRAF,D594G,Trametinib,Sensitivity/Response,7,140453154.0,140453154.0,T,C,ENST00000288602.6
ABL1,V299L,Axitinib,Sensitivity/Response,9,133747588.0,133747588.0,G,C,ENST00000318560.5
ABL1,T315A,Axitinib,Sensitivity/Response,9,133748282.0,133748282.0,A,G,ENST00000318560.5
ABL1,L248R,Axitinib,Resistance,9,133738343.0,133738343.0,T,G,ENST00000318560.5
ABL1,M244V,Imatinib,Resistance,9,133738330.0,133738330.0,A,G,ENST00000318560.5
ABL1,H396P,Imatinib,Resistance,9,133750356.0,133750356.0,A,C,ENST00000318560.5
PIK3CA,E542K,PI-103,Resistance,3,178936082.0,178936082.0,G,A,ENST00000263967.3
PIK3CA,E545K,PI-103,Resistance,3,178936091.0,178936091.0,G,A,ENST00000263967.3
PIK3CA,H1047L,PI-103,Sensitivity/Response,3,178952085.0,178952085.0,A,T,ENST00000263967.3
PIK3CA,K111N,PI-103,Sensitivity/Response,3,178916946.0,178916946.0,G,C,ENST00000263967.3
ABL1,E355G,Imatinib,Resistance,9,133748403.0,133748403.0,A,G,ENST00000318560.5
ABL1,F486S,Imatinib,Resistance,9,133755488.0,133755488.0,T,C,ENST00000318560.5
ABL1,E459K,Imatinib,Resistance,9,133753906.0,133753906.0,G,A,ENST00000318560.5
PML,A216V,Arsenic Trioxide,Resistance,15,74315213.0,74315213.0,C,T,ENST00000268058.3
BCL2,G101V,Venetoclax,Resistance,18,60985598.0,60985598.0,C,A,ENST00000398117.1
BCL2,F104I,Venetoclax,Resistance,18,60985590.0,60985590.0,A,T,ENST00000398117.1
FLT3,D835H,Gilteritinib,Sensitivity/Response,13,28592642.0,28592642.0,C,G,ENST00000241453.7
FLT3,D835V,Gilteritinib,Sensitivity/Response,13,28592641.0,28592641.0,T,A,ENST00000241453.7
PIK3CA,H1047R,BCP32858,Resistance,3,178952085.0,178952085.0,A,G,ENST00000263967.3
PIK3CA,C420R,BCP32858,Resistance,3,178927980.0,178927980.0,T,C,ENST00000263967.3
FGFR3,S249C,Cisplatin,Resistance,4,1803568.0,1803568.0,C,G,ENST00000340107.4
NRAS,Q61K,Trametinib,Sensitivity/Response,1,115256530.0,115256530.0,G,T,ENST00000369535.4
ABL1,G250E,Dasatinib,Sensitivity/Response,9,133738349.0,133738349.0,G,A,ENST00000318560.5
ABL1,H396P,Dasatinib,Sensitivity/Response,9,133750356.0,133750356.0,A,C,ENST00000318560.5
EGFR,G598V,Erlotinib,Sensitivity/Response,7,55233043.0,55233043.0,G,T,ENST00000275493.2
IDH1,R132C,Olaparib,Sensitivity/Response,2,209113113.0,209113113.0,G,A,ENST00000415913.1
FGFR1,N546K,Pemigatinib,Sensitivity/Response,8,38274849.0,38274849.0,G,T,ENST00000341462.5
