gene,variant,rsid,drugs,type
DPYD,M166V,rs2297595,capecitabine,Toxicity
DPYD,C29R,rs1801265,capecitabine,Toxicity
DPYD,V732I,rs1801160,capecitabine,Toxicity
DPYD,I543V,rs1801159,capecitabine,Toxicity
DPYD,S534N,rs1801158,fluorouracil,Toxicity
DPYD,I543V,rs1801159,fluorouracil,Toxicity
DPYD,S534N,rs1801158,capecitabine,Toxicity
DPYD,C29R,rs1801265,fluorouracil,Toxicity
DPYD,V732I,rs1801160,fluorouracil,Toxicity
CYP4F2,V433M,rs2108622,warfarin,Dosage
EGFR,L858R,rs121434568,gefitinib,Efficacy
CYP2B6,Q172H,rs3745274,efavirenz,Metabolism/PK
NUDT15,R139C,rs116855232,mercaptopurine,Dosage
CFTR,S1251N,rs74503330,ivacaftor,Efficacy
CFTR,G1244V,rs267606723,ivacaftor,Efficacy
CFTR,D110H,rs113993958,ivacaftor,Efficacy
CFTR,L206W,rs121908752,ivacaftor,Efficacy
CFTR,R117G,rs77834169,ivacaftor,Efficacy
CFTR,D110E,rs397508537,ivacaftor,Efficacy
CFTR,R74W,rs115545701,ivacaftor,Efficacy
CFTR,P67L,rs368505753,ivacaftor,Efficacy
CFTR,R1070W,rs202179988,ivacaftor,Efficacy
CFTR,R1070Q,rs78769542,ivacaftor,Efficacy
CFTR,S977F,rs141033578,ivacaftor,Efficacy
DPYD,R592W,rs59086055,fluorouracil,Other
DPYD,Y186C,rs115232898,fluorouracil,Toxicity
DPYD,V732I,rs1801160,fluorouracil,Other
DPYD,V335L,rs72549306,fluorouracil,Other
DPYD,Y186C,rs115232898,fluorouracil,Other
DPYD,V995F,rs1801268,fluorouracil,Other
DPYD,R235W,rs1801266,fluorouracil,Other
F5,R534L,rs6025,hormonal contraceptives for systemic use,Toxicity
CACNA1S,R1086H,rs1800559,desflurane,Toxicity
CACNA1S,R174W,rs772226819,desflurane,Toxicity
CACNA1S,R174W,rs772226819,enflurane,Toxicity
CACNA1S,R1086H,rs1800559,enflurane,Toxicity
CACNA1S,R1086H,rs1800559,halothane,Toxicity
CACNA1S,R1086H,rs1800559,isoflurane,Toxicity
CACNA1S,R174W,rs772226819,halothane,Toxicity
CACNA1S,R174W,rs772226819,isoflurane,Toxicity
CACNA1S,R1086H,rs1800559,sevoflurane,Toxicity
CACNA1S,R1086H,rs1800559,methoxyflurane,Toxicity
CACNA1S,R174W,rs772226819,methoxyflurane,Toxicity
CACNA1S,R174W,rs772226819,sevoflurane,Toxicity
CACNA1S,R1086H,rs1800559,succinylcholine,Toxicity
CACNA1S,R174W,rs772226819,succinylcholine,Toxicity
DPYD,R592W,rs59086055,fluorouracil,Toxicity
NUDT15,R139C,rs116855232,azathioprine,Toxicity
CYP2B6,Q172H,rs3745274,efavirenz,Toxicity
CFTR,S1255P,rs121909041,ivacaftor,Efficacy
CFTR,G178R,rs80282562,ivacaftor,Efficacy
CFTR,G551S,rs121909013,ivacaftor,Efficacy
CFTR,E56K,rs397508256,ivacaftor,Efficacy
CFTR,S549N,rs121908755,ivacaftor,Efficacy
CFTR,G1349D,rs193922525,ivacaftor,Efficacy
CFTR,R352Q,rs121908753,ivacaftor,Efficacy
CFTR,A455E,rs74551128,ivacaftor,Efficacy
CFTR,D579A,rs397508288,ivacaftor,Efficacy
CFTR,S945L,rs397508442,ivacaftor,Efficacy
CFTR,F1052L,rs150212784,ivacaftor,Efficacy
CFTR,K1060T,rs397508513,ivacaftor,Efficacy
CFTR,A1067P,rs121909020,ivacaftor,Efficacy
CFTR,G551D,rs75527207,ivacaftor,Efficacy
CFTR,R347L,rs77932196,ivacaftor,Efficacy
CFTR,F1074L,rs186045772,ivacaftor,Efficacy
CFTR,S549R,rs121909005,ivacaftor,Efficacy
CFTR,D1152H,rs75541969,ivacaftor,Efficacy
CFTR,D1270N,rs11971167,ivacaftor,Efficacy
CFTR,S549R,rs121908757,ivacaftor,Efficacy
CFTR,R117H,rs78655421,ivacaftor,Efficacy
DPYD,M166V,rs2297595,fluorouracil,Toxicity
DPYD,D949V,rs67376798,fluorouracil,Other
DPYD,D949V,rs67376798,fluorouracil,Toxicity
DPYD,D949V,rs67376798,tegafur,Toxicity
DPYD,D949V,rs67376798,capecitabine,Toxicity
DPYD,I560N,rs55886062,fluorouracil,Other
DPYD,I560N,rs55886062,capecitabine,Toxicity
DPYD,I560N,rs55886062,fluorouracil,Toxicity
DPYD,I560N,rs55886062,tegafur,Toxicity
DPYD,V515I,rs148994843,fluorouracil,Other
DPYD,T768K,rs56005131,fluorouracil,Other
SLCO1B1,V174A,rs4149056,atorvastatin,Toxicity
SLCO1B1,V174A,rs4149056,lovastatin,Toxicity
SLCO1B1,V174A,rs4149056,rosuvastatin,Metabolism/PK
SLCO1B1,V174A,rs4149056,pitavastatin,Metabolism/PK
SLCO1B1,V174A,rs4149056,rosuvastatin,Toxicity
SLCO1B1,V174A,rs4149056,pravastatin,Metabolism/PK
SLCO1B1,V174A,rs4149056,pravastatin,Toxicity
SLCO1B1,V174A,rs4149056,simvastatin,Toxicity
ABCG2,Q141K,rs2231142,rosuvastatin,Metabolism/PK
SLCO1B1,V174A,rs4149056,fluvastatin,Toxicity
SLCO1B1,V174A,rs4149056,fluvastatin,Metabolism/PK
SLCO1B1,V174A,rs4149056,atorvastatin,Metabolism/PK
SLC19A1,H27R,rs1051266,methotrexate,Efficacy
CYP2B6,Q172H,rs3745274,nevirapine,Metabolism/PK
ABCG2,Q141K,rs2231142,rosuvastatin,Efficacy
CYP4F2,V433M,rs2108622,acenocoumarol,Dosage
CYP2B6,I328T,rs28399499,nevirapine,Toxicity
SLCO1B1,V174A,rs4149056,hmg coa reductase inhibitors,Toxicity
VKORC1,D36Y,rs61742245,warfarin,Dosage
MTHFR,A222V,rs1801133,methotrexate,Toxicity
XRCC1,Q399R,rs25487,Platinum compounds,Efficacy
EGFR,T790M,rs121434569,erlotinib,Efficacy
CHRNA5,D398N,rs16969968,nicotine,Toxicity
APOE,R176C,rs7412,atorvastatin,Efficacy
ADD1,G460W,rs4961,hydrochlorothiazide,Efficacy
EGFR,T790M,rs121434569,gefitinib,Efficacy
ADD1,G460W,rs4961,diuretics,Efficacy
DRD3,G9S,rs6280,clozapine,Efficacy
ABCB1,I1145M,rs1045642,phenytoin,Dosage
ABCB1,I1145M,rs1045642,dicloxacillin,Other
ABCB1,I1145M,rs1045642,capecitabine,Toxicity
ABCC2,V1188E,rs17222723,tenofovir,Toxicity
ABCB1,S893A,rs2032582,doxorubicin,Other
ABCB1,S893A,rs2032582,digoxin,Other
ERBB2,I655V,rs1136201,trastuzumab,Toxicity
VKORC1,V29L,rs104894539,warfarin,Dosage
VKORC1,V45A,rs104894540,warfarin,Dosage
VKORC1,R58G,rs104894541,warfarin,Dosage
VKORC1,L128R,rs104894542,warfarin,Dosage
ABCB1,S400N,rs2229109,paclitaxel,Other
SLCO1B1,P155T,rs11045819,fluvastatin,Efficacy
ADRB3,W64R,rs4994,olanzapine,Toxicity
ABCB1,S893A,rs2032582,cyclosporine,Efficacy
GGH,T151I,rs11545078,methotrexate,Toxicity
CBR3,C4S,rs8133052,doxorubicin,"Efficacy,Toxicity"
CYP3A,T185S,rs12721627,paclitaxel,Dosage
UGT1A9,D256N,rs58597806,propofol,Toxicity
SLCO1B1,N130H,rs2306283,repaglinide,Other
CYP2C8,R139K,rs11572080,paclitaxel,Other
TLR3,L412V,rs3775291,Measles vaccines,Efficacy
CYP2B6,K262R,rs2279343,cyclophosphamide,Toxicity
DRD3,G9S,rs6280,risperidone,Efficacy
GSTP1,I105V,rs1695,fluorouracil,Toxicity
ABCC2,C1515Y,rs8187710,doxorubicin,Toxicity
CD3EAP,Q506K,rs3212986,Platinum compounds,Efficacy
DRD3,G9S,rs6280,pramipexole,Efficacy
ABCC1,T1337A,rs28364006,methotrexate,Efficacy
APOB,T98I,rs1367117,irbesartan,Efficacy
MTHFR,A222V,rs1801133,nitrous oxide,Toxicity
MTHFR,F435L,rs4846051,methotrexate,Toxicity
GGH,C6R,rs1800909,methotrexate,Efficacy
ABCC2,V1188E,rs17222723,doxorubicin,Toxicity
ABCC1,G671V,rs45511401,doxorubicin,Toxicity
EPHX1,H139R,rs2234922,phenytoin,Toxicity
ABCB1,I1145M,rs1045642,fexofenadine,Dosage
EPHX1,H139R,rs2234922,docetaxel,Dosage
CYP2B6,R22C,rs8192709,cyclophosphamide,Toxicity
GRK4,A142V,rs1024323,metoprolol,Efficacy
CYP2A6,L160H,rs1801272,coumarin,Other
COMT,V158M,rs4680,antipsychotics,Toxicity
CYP2A6,R485L,rs28399468,nicotine,Other
CYP2B6,Q172H,rs3745274,cyclophosphamide,Toxicity
COMT,V158M,rs4680,antipsychotics,Other
SHMT1,L474F,rs1979277,methotrexate,Toxicity
CYP2C8,R139K,rs11572080,repaglinide,Dosage
GABRQ,I478L,rs3810651,venlafaxine,Efficacy
ANKK1,A239T,rs7118900,methadone,Dosage
ABCB1,I1145M,rs1045642,nortriptyline,Toxicity
DRD3,G9S,rs6280,olanzapine,Efficacy
ABCB1,I1145M,rs1045642,oxaliplatin,Efficacy
SLC14A2,V750F,rs1123617,nifedipine,Efficacy
SLC14A2,A880T,rs3745009,nifedipine,Efficacy
CHRNA4,S543R,rs1044396,nicotine,Other
CYP3A4,T185S,rs12721627,midazolam,Other
ANKK1,E713K,rs1800497,nemonapride,Toxicity
MTHFR,E429A,rs1801131,nitrous oxide,Toxicity
ABCB1,I1145M,rs1045642,verapamil,Other
BDNF,V66M,rs6265,paroxetine,Efficacy
NEUROD1,T45S,rs1801262,repaglinide,Efficacy
PAX4,R129W,rs114202595,repaglinide,Efficacy
ABCB1,N21H,rs9282564,paclitaxel,Other
ABCB1,A999S,rs72552784,paclitaxel,Other
CYP2C9,P489S,rs9332239,tolbutamide,Other
ABCB1,S893A,rs2032582,verapamil,Other
CYP2C9,I359L,rs1057910,losartan,Efficacy
EDN1,K198N,rs5370,muraglitazar,Toxicity
CEP68,G74S,rs7572857,aspirin,Toxicity
GP6,P219A,rs1613662,aspirin,Efficacy
F13A1,V35L,rs5985,aspirin,Efficacy
MC1R,V92M,rs2228479,desipramine,Efficacy
UGT1A9,M33T,rs72551330,mycophenolate mofetil,Toxicity
COMT,V158M,rs4680,fluvoxamine,Efficacy
SLCO1B3,M233I,rs7311358,mycophenolate mofetil,Other
FMO3,E308G,rs2266780,olanzapine,Other
SCAP,V798F,rs12487736,simvastatin,Efficacy
UGT1A4,P24S,rs6755571,ABT-751,Other
SLCO1B1,N130H,rs2306283,pitavastatin,Other
AOX1,N1135S,rs55754655,azathioprine,Efficacy
ABCB1,I1145M,rs1045642,simvastatin,Toxicity
ABCB1,I1145M,rs1045642,atorvastatin,Toxicity
ABCB1,S893A,rs2032582,simvastatin,Toxicity
CYP1A2,R456H,rs72547517,clozapine,Other
CYP1A2,I386V,rs72547516,clozapine,Other
ANKK1,E713K,rs1800497,disulfiram,Efficacy
ABCC2,C1515Y,rs8187710,lopinavir,Efficacy
CYP2B6,Q172H,rs3745274,mitotane,Other
ABCG8,D19N,rs11887534,atorvastatin,Efficacy
CYBA,Y72N,rs4673,simvastatin,Other
CETP,V422I,rs5882,fluvastatin,Efficacy
CETP,V422I,rs5882,simvastatin,Efficacy
MTHFR,A222V,rs1801133,pravastatin,Efficacy
ABCA1,R219K,rs2230806,pravastatin,Efficacy
SCARB1,G2S,rs4238001,fenofibrate,Efficacy
ABCC2,I1324M,rs3740066,irinotecan,Toxicity
ABCG2,V12M,rs2231137,irinotecan,Toxicity
ABCA1,K1587R,rs2230808,fenofibrate,Efficacy
ABCA1,R219K,rs2230806,fenofibrate,Efficacy
MTR,D919G,rs1805087,benazepril,Efficacy
APOB,R3638Q,rs1801701,irbesartan,Efficacy
MTHFR,A222V,rs1801133,disulfiram,Efficacy
ABCG2,Q141K,rs2231142,efavirenz,Toxicity
CYP2D6,P34A,rs1065852,iloperidone,Toxicity
ABCB1,I1145M,rs1045642,sirolimus,Toxicity
SLCO1B1,V174A,rs4149056,irinotecan,Toxicity
ABCC2,V417I,rs2273697,irinotecan,Other
SLC22A1,G401S,rs34130495,tramadol,Other
DRD3,G9S,rs6280,paroxetine,Efficacy
PEAR1,N848K,rs822442,prasugrel,Efficacy
CDA,A70T,rs60369023,cytarabine,Other
TBXT,G177D,rs2305089,flunisolide,Efficacy
DCK,I24F,rs66878317,gemcitabine,Other
IL4R,I75L,rs1805010,pitrakinra,Efficacy
TGFB1,R25Q,rs1800471,rituximab,Efficacy
SLCO1B1,V174A,rs4149056,SN-38,Dosage
SLC22A2,S270A,rs316019,l-tryptophan,Other
ABCB1,I1145M,rs1045642,talinolol,Other
SLC19A1,H27R,rs1051266,irinotecan,Efficacy
SLCO1B1,N130H,rs2306283,irinotecan,Efficacy
ABCB1,I1145M,rs1045642,tamoxifen,Efficacy
UGT1A1,G71R,rs4148323,indinavir,Toxicity
UGT1A1,G71R,rs4148323,carvedilol,Other
BDNF,V66M,rs6265,antipsychotics,Efficacy
SLCO1B3,M233I,rs7311358,docetaxel,Other
G6PD,S188F,rs5030868,glyburide,Toxicity
ABCB1,I1145M,rs1045642,morphine,Efficacy
CDA,A70T,rs60369023,gemcitabine,Toxicity
NR3C2,V180I,rs5522,enalapril,Efficacy
ERCC5,D1104H,rs17655,platinum,Efficacy
ABCB1,I1145M,rs1045642,rhodamine 123,Other
MYLIP,N342I,rs9370867,atorvastatin,Efficacy
ABCB1,I1145M,rs1045642,vincristine,Efficacy
FMO3,E308G,rs2266780,itopride,Other
ITGB3,L59P,rs5918,clopidogrel,Efficacy
ABCB1,I1145M,rs1045642,morphine,Other
ABCC2,V417I,rs2273697,carbamazepine,Toxicity
VKORC1,D36Y,rs61742245,acenocoumarol,Dosage
ANKK1,E713K,rs1800497,olanzapine,Metabolism/PK
SLC22A1,M408V,rs628031,metformin,Efficacy
UGT1A6,S7A,rs6759892,deferiprone,"Efficacy,Toxicity"
ADH1B,H48R,rs1229984,ethanol,Metabolism/PK
SLCO1B1,V174A,rs4149056,mycophenolate mofetil,Toxicity
ABCB1,I1145M,rs1045642,olanzapine,Other
DRD3,G9S,rs6280,methylphenidate,Efficacy
EGFR,R521K,rs2227983,egfr inhibitors,Toxicity
ABCC2,V417I,rs2273697,deferasirox,Metabolism/PK
GGH,T151I,rs11545078,pemetrexed,Toxicity
FOLR3,R98C,rs61734430,pemetrexed,Efficacy
ABCB1,I1145M,rs1045642,risperidone,Toxicity
CHIA,G102R,rs3818822,aspirin,Toxicity
SLC30A9,M50L,rs1047626,aspirin,Toxicity
HLA-DPB1,I94L,rs1042136,aspirin,Toxicity
HLA-DPB1,M105V,rs1042151,aspirin,Toxicity
ABCC4,G187W,rs11568658,latanoprost,Efficacy
SOD2,V16A,rs4880,valproic acid,Toxicity
SLC22A4,L503F,rs1050152,imatinib,Efficacy
TNFRSF10A,R209T,rs20575,Tumor necrosis factor alpha (TNF-alpha) inhibitors,Efficacy
UGT1A6,T181A,rs2070959,irinotecan,Toxicity
COMT,V158M,rs4680,haloperidol,Toxicity
CR1,H1658R,rs2274567,eculizumab,Efficacy
CYP2C9,R144C,rs1799853,busulfan,Metabolism/PK
CYP2B6,Q172H,rs3745274,imatinib,"Efficacy,Toxicity"
ABCG2,Q141K,rs2231142,sulfasalazine,Efficacy
SLC22A1,L160F,rs683369,imatinib,"Efficacy,Metabolism/PK"
ABCB1,I1145M,rs1045642,tacrolimus,Toxicity
ABCB1,I1145M,rs1045642,hmg coa reductase inhibitors,Other
CYP4F2,V433M,rs2108622,vitamin e,Metabolism/PK
BCHE,T271M,rs28933389,succinylcholine,Toxicity
TAPBP,T260R,rs2071888,aspirin,Toxicity
ABCG2,Q141K,rs2231142,imatinib,Metabolism/PK
FMO1,M1T,rs10912675,nicotine,Other
UGT2B10,N481D,rs112561475,nicotine,Metabolism/PK
CYP2A6,E390Q,rs376817657,nicotine,Metabolism/PK
CYP2A6,R265Q,rs140471703,nicotine,Metabolism/PK
CYP2A6,V68M,rs143690364,nicotine,Metabolism/PK
CYP2D6,R296S,rs16947,timolol,Toxicity
ALDH5A1,H180Y,rs2760118,methadone,Efficacy
ABCB1,I1145M,rs1045642,phenobarbital,Efficacy
ADRB1,S49G,rs1801252,timolol,Efficacy
ABCB1,S893A,rs2032582,fluoxetine,Efficacy
TLR3,L412V,rs3775291,aspirin,Toxicity
SLC16A7,T445S,rs3763980,methotrexate,Efficacy
FLT4,T494A,rs307826,sunitinib,Efficacy
FLT4,R1324L,rs307821,sunitinib,Efficacy
NR1H3,S99R,rs2279238,verapamil,Toxicity
COMT,V158M,rs4680,entacapone,Efficacy
ABCB1,I1145M,rs1045642,etoposide,Metabolism/PK
ABCC2,I1324M,rs3740066,carbamazepine,Metabolism/PK
ABCB1,S893A,rs2032582,paclitaxel,Efficacy
ABCB1,I1145M,rs1045642,cyclosporine,Metabolism/PK
COMT,V158M,rs4680,paroxetine,Efficacy
CHAT,A120T,rs3810950,olanzapine,Efficacy
CYP2B6,Q172H,rs3745274,propofol,Dosage
NOS3,D298E,rs1799983,daunorubicin,Efficacy
NOS3,D298E,rs1799983,salvianolic acid b,Efficacy
SLCO1B1,N130H,rs2306283,rocuronium,Efficacy
ABCB1,N21H,rs9282564,morphine,Toxicity
ANKK1,E713K,rs1800497,valproic acid,Toxicity
SOD2,V16A,rs4880,paclitaxel,Toxicity
COMT,V158M,rs4680,clozapine,Efficacy
ABCB5,T131N,rs17143212,haloperidol,Toxicity
GSTP1,A114V,rs1138272,cisplatin,Efficacy
MTHFR,A222V,rs1801133,benazepril,Efficacy
ABCB1,I1145M,rs1045642,daptomycin,Metabolism/PK
BDNF,V66M,rs6265,olanzapine,Efficacy
BDNF,V66M,rs6265,antipsychotics,Toxicity
POLG,Q1236H,rs3087374,valproic acid,Toxicity
GLP1R,P7L,rs10305420,liraglutide,Efficacy
GLP1R,G168S,rs6923761,liraglutide,Efficacy
SLC22A2,S270A,rs316019,metformin,Other
CYP2B6,R487S,rs3211371,bupropion,Efficacy
HLA-DRB1,R54L,rs17885382,asparaginase,Toxicity
UGT2B7,Y268H,rs7439366,codeine,Dosage
ABCC2,C1515Y,rs8187710,deferasirox,Toxicity
CYP2B6,R22C,rs8192709,efavirenz,Metabolism/PK
ABCB1,S893A,rs2032582,capecitabine,Toxicity
CHRNA4,S543R,rs1044396,varenicline,Efficacy
CYP2C8,R139K,rs11572080,amodiaquine,Toxicity
NQO1,P187S,rs1800566,warfarin,Dosage
ABCB1,I1145M,rs1045642,sorafenib,Toxicity
ABCB1,I1145M,rs1045642,agomelatine,Efficacy
ABCB1,I1145M,rs1045642,venlafaxine,Efficacy
ABCB1,I1145M,rs1045642,Selective serotonin reuptake inhibitors,Efficacy
DRD3,G9S,rs6280,quetiapine,Metabolism/PK
ABCB1,I1145M,rs1045642,modafinil,Efficacy
ABCB1,I1145M,rs1045642,silibinin,Metabolism/PK
ABCB1,I1145M,rs1045642,sunitinib,Toxicity
ARMS2,A69S,rs10490924,bevacizumab,Efficacy
TLR7,Q11P,rs179008,imiquimod,Efficacy
ADAMTS1,A227S,rs428785,pravastatin,Efficacy
HTR2A,H452Y,rs6314,olanzapine,Efficacy
SLCO1B1,V174A,rs4149056,enalapril,Toxicity
SLCO1B1,N130H,rs2306283,atorvastatin,Efficacy
ABCB1,S893A,rs2032582,modafinil,Efficacy
REV1,V138M,rs3087403,cisplatin,Efficacy
SOD2,V16A,rs4880,asparaginase,Toxicity
ABCB1,I1145M,rs1045642,Platinum compounds,Efficacy
ABCB1,I1145M,rs1045642,voriconazole,Metabolism/PK
ADRA1A,C347R,rs1048101,nifedipine,Efficacy
SLC28A2,S75R,rs1060896,gemcitabine,"Efficacy,Toxicity"
SLC28A1,D521N,rs2242046,gemcitabine,Toxicity
AGT,M268T,rs699,quinapril,Efficacy
TCF19,P241L,rs2073724,nevirapine,Toxicity
TAS2R16,N172K,rs846664,ethanol,Toxicity
CYP3A4,M445T,rs4986910,fluvastatin,Efficacy
TBX21,H33Q,rs2240017,corticosteroids,Efficacy
FAAH,P129T,rs324420,cannabinoids,Toxicity
ABCB1,S893A,rs2032582,cyclosporine,Dosage
PPARG,P12A,rs1801282,olanzapine,Toxicity
NOS3,D298E,rs1799983,sorafenib,Efficacy
CYP2A6,L8V,rs8192720,tegafur,Other
OR52E2,N5S,rs16909440,lithium,Efficacy
CYP2D6,T107N,rs28371706,nevirapine,Metabolism/PK
CFH,V62I,rs800292,bevacizumab,Efficacy
UGT2B7,Y268H,rs7439366,methadone,"Efficacy,Toxicity"
AKR1C3,R258C,rs62621365,exemestane,Metabolism/PK
AKR1C4,G135E,rs11253043,exemestane,Metabolism/PK
GSTP1,I105V,rs1695,dimethyl fumarate,Efficacy
ABCB1,I1145M,rs1045642,antipsychotics,Dosage
ABCB1,S893A,rs2032582,antipsychotics,Dosage
UGT1A9,M33T,rs72551330,sulfinpyrazone,Metabolism/PK
UGT2B7,R124S,rs28365063,carbamazepine,Metabolism/PK
BCHE,A567T,rs1803274,rivastigmine,Efficacy
CYP2C9,I359L,rs1057910,irbesartan,"Efficacy,Metabolism/PK"
ABCB1,S893A,rs2032582,ritonavir,Metabolism/PK
CYP2C9,L90P,rs72558187,irbesartan,Metabolism/PK
CYP4F2,W12G,rs3093105,vitamin e,Metabolism/PK
LRP2,A2872T,rs2228171,cisplatin,Toxicity
SLCO1B1,P155T,rs11045819,rifampin,Metabolism/PK
SLCO1B1,N130H,rs2306283,rifampin,Metabolism/PK
CYP2C8,R139K,rs11572080,paclitaxel,Toxicity
CDA,K27Q,rs2072671,cytarabine,Toxicity
COMT,V158M,rs4680,opioids,Other
HTR2A,H452Y,rs6314,antidepressants,Efficacy
F13A1,V35L,rs5985,photodynamic therapy,Efficacy
SLCO1B3,S112P,rs4149117,mycophenolate mofetil,"Dosage,Toxicity"
CTLA4,T17S,rs231775,cyclosporine,Toxicity
SERPINE1,A15T,rs6092,dexamethasone,Toxicity
UGT2B7,L46P,rs61361928,ticagrelor,Metabolism/PK
CYP3A4,G56D,rs56324128,ticagrelor,Metabolism/PK
SLCO1B1,V174A,rs4149056,ticagrelor,Metabolism/PK
ABCC2,I1324M,rs3740066,mycophenolic acid,Metabolism/PK
SLCO1B1,N130H,rs2306283,mycophenolic acid,Metabolism/PK
NCOA1,P1272S,rs1804645,tamoxifen,Toxicity
SLC6A12,C10R,rs557881,aspirin,Toxicity
APOB,P2739Q,rs676210,fenofibrate,Efficacy
CHRNA5,D398N,rs16969968,cotinine,Metabolism/PK
CHRNA5,D398N,rs16969968,Opium alkaloids and derivatives,Toxicity
DRD3,G9S,rs6280,methamphetamine,Toxicity
ABCB1,S893A,rs2032582,atorvastatin,Toxicity
HSPA1A,I74M,rs1043620,carbamazepine,Toxicity
KCNJ11,K23Q,rs5219,repaglinide,Efficacy
ZBTB22,T310A,rs3130100,aspirin,Toxicity
CHRNA5,D398N,rs16969968,ethanol,Other
UGT1A6,R184S,rs1105879,valproic acid,Dosage
MTHFR,E429A,rs1801131,methotrexate,Efficacy
HSPA1L,T493M,rs2227956,carbamazepine,Toxicity
UGT1A4,L48M,rs2011425,tamoxifen,Metabolism/PK
ABCC4,G187W,rs11568658,valganciclovir,Toxicity
ABCB1,S400N,rs2229109,valganciclovir,Toxicity
KDR,Q472H,rs1870377,sorafenib,Efficacy
ERCC2,D312N,rs1799793,Platinum compounds,Toxicity
SLCO1B1,N130H,rs2306283,sorafenib,Toxicity
SLCO1B1,V174A,rs4149056,sorafenib,Toxicity
KDR,Q472H,rs1870377,sorafenib,Toxicity
UGT1A8,A173G,rs1042597,raloxifene,Efficacy
B4GALT2,I303M,rs1061781,clopidogrel,Efficacy
CYP4F2,V433M,rs2108622,warfarin,Efficacy
GGCX,R325Q,rs699664,warfarin,Efficacy
LGALS3,Q201H,rs11125,Antibiotics,Toxicity
SLCO1B1,V174A,rs4149056,rosiglitazone,Efficacy
IL23R,R381Q,rs11209026,Tumor necrosis factor alpha (TNF-alpha) inhibitors,Toxicity
EDN1,K198N,rs5370,bevacizumab,Efficacy
ABCB1,I1145M,rs1045642,clozapine,Toxicity
ABCB1,I1145M,rs1045642,dabigatran,Metabolism/PK
ABCB1,I1145M,rs1045642,rivaroxaban,Metabolism/PK
ABCB1,S893A,rs2032582,dabigatran,Metabolism/PK
ABCB1,S893A,rs2032582,rivaroxaban,Metabolism/PK
EGFR,R521K,rs2227983,cetuximab,Efficacy
GSTP1,I105V,rs1695,Platinum compounds,Efficacy
ABCB1,S893A,rs2032582,tacrolimus,Efficacy
ABCB1,I1145M,rs1045642,tacrolimus,Efficacy
SLC22A1,P341L,rs2282143,metformin,Metabolism/PK
ABCG2,Q141K,rs2231142,sulfasalazine,Metabolism/PK
FMO3,E308G,rs2266780,sulindac,Metabolism/PK
ABCB1,I1145M,rs1045642,anastrozole,Toxicity
ABCB1,S893A,rs2032582,anastrozole,Metabolism/PK
TPMT,Y240C,rs1142345,cisplatin,Toxicity
TPMT,A154T,rs1800460,cisplatin,Toxicity
ABCB1,S893A,rs2032582,atazanavir,Toxicity
CD33,G304R,rs35112940,gemtuzumab ozogamicin,Efficacy
ABCB1,S893A,rs2032582,clopidogrel,Toxicity
ADRB1,S49G,rs1801252,Beta Blocking Agents,Toxicity
NUDT15,R34T,rs766023281,mercaptopurine,"Dosage,Toxicity"
ABCB1,S893A,rs2032582,everolimus,Toxicity
ABCB1,I1145M,rs1045642,everolimus,Toxicity
FGFR4,G388R,rs351855,everolimus,Efficacy
COMT,V158M,rs4680,venlafaxine,Efficacy
ABCG2,Q141K,rs2231142,tenofovir,Metabolism/PK
CYP2C19,M1L,rs28399504,mephenytoin,Metabolism/PK
ABCG2,Q141K,rs2231142,dolutegravir,Metabolism/PK
CYP2B6,M46L,rs35303484,efavirenz,Metabolism/PK
SLCO1B1,N130H,rs2306283,hmg coa reductase inhibitors,Toxicity
CES1,E220G,rs200707504,oseltamivir,Metabolism/PK
KNG1,I581T,rs710446,hormonal contraceptives for systemic use,Toxicity
CYP2C9,R144C,rs1799853,hormonal contraceptives for systemic use,Toxicity
SLC6A3,N38K,rs6350,ethanol,Toxicity
HLA-B,Y91S,rs1071816,Antithyroid Preparations,Toxicity
ADRB2,T164I,rs1800888,salbutamol,Other
ABCB1,I1145M,rs1045642,clopidogrel,"Efficacy,Toxicity,Metabolism/PK"
CES1,S75N,rs2307240,clopidogrel,Efficacy
UGT2B7,Y268H,rs7439366,oxcarbazepine,Efficacy
CYP2B6,K262R,rs2279343,bupropion,Efficacy
ABCB1,I1145M,rs1045642,imatinib,Efficacy
XPC,A499V,rs2228000,Platinum compounds,Toxicity
SLCO1B3,S112P,rs4149117,sunitinib,Efficacy
BCHE,A567T,rs1803274,cocaine,Other
TIRAP,S180L,rs8177374,ustekinumab,Efficacy
TLR5,F616L,rs5744174,ustekinumab,Efficacy
ABCB1,S893A,rs2032582,sunitinib,Toxicity
ABCB1,S893A,rs2032582,sunitinib,Efficacy
KDR,C482R,rs34231037,pazopanib,"Efficacy,Metabolism/PK"
XRCC3,T241M,rs861539,Platinum compounds,Efficacy
CYP2C9,R144C,rs1799853,irbesartan,Efficacy
FMO3,E308G,rs2266780,nicotine,Metabolism/PK
IRS1,G971R,rs1801278,Drugs Used In Diabetes,Efficacy
SLC22A1,L160F,rs683369,imatinib,Toxicity
ABCG2,Q141K,rs2231142,methotrexate,Toxicity
SLC22A1,R61C,rs12208357,metformin,Metabolism/PK
SUMO4,V55L,rs237025,tacrolimus,Metabolism/PK
ABCB1,I1145M,rs1045642,omeprazole,"Efficacy,Metabolism/PK"
CDA,K27Q,rs2072671,capecitabine,Toxicity
ZNF134,A46S,rs10413455,methylphenidate,Efficacy
CDH23,V1675I,rs17712523,methylphenidate,Efficacy
PIGM,F365L,rs12409352,methylphenidate,Efficacy
TRIB3,Q84R,rs2295490,methylphenidate,Efficacy
PDIA2,P502T,rs1048786,methylphenidate,Efficacy
ETFDH,T31I,rs11559290,methylphenidate,Efficacy
RRP7A,V88L,rs11553441,methylphenidate,Efficacy
FARP2,T260I,rs757978,methylphenidate,Efficacy
TEX10,F911L,rs7472,duloxetine,Efficacy
MIEF2,G324E,rs12603700,duloxetine,Efficacy
UGT2B7,A71T,rs12233719,valproic acid,Metabolism/PK
UGT1A6,R184S,rs1105879,aspirin,Efficacy
UGT1A6,T181A,rs2070959,aspirin,Efficacy
PSORS1C1,R37H,rs9263726,allopurinol,Toxicity
ABCB1,I1145M,rs1045642,granisetron,Efficacy
CYP2B6,R22C,rs8192709,methadone,Metabolism/PK
CYP2B6,R487S,rs3211371,methadone,Metabolism/PK
ABCC2,I1324M,rs3740066,tacrolimus,Metabolism/PK
ABCB1,I1145M,rs1045642,antineoplastic agents,Toxicity
CFTR,G970R,rs397508453,ivacaftor,Efficacy
ABCB1,N21H,rs9282564,methadone,Metabolism/PK
UGT2B7,Y268H,rs7439366,oxycodone,Efficacy
ABCB1,I1145M,rs1045642,clopidogrel,Toxicity
ABCG2,Q141K,rs2231142,apixaban,Metabolism/PK
CYP4F2,V433M,rs2108622,Vitamin K,Metabolism/PK
TPMT,Y240C,rs1142345,mercaptopurine,"Dosage,Toxicity"
SLCO1B1,V174A,rs4149056,repaglinide,Efficacy
BCHE,A567T,rs1803274,donepezil,Efficacy
ABCG2,Q141K,rs2231142,gemcitabine,"Efficacy,Toxicity"
POLR2A,N764K,rs2228130,gemcitabine,Toxicity
CYP2C9,L294F,rs544027339,phenytoin,Toxicity
CYP2C9,R307K,rs1029359343,phenytoin,Toxicity
DPYD,N893S,rs188052243,fluorouracil,Other
DPYD,H807R,rs1335150891,fluorouracil,Other
DPYD,V434L,rs748620513,fluorouracil,Other
DPYD,T298M,rs143879757,fluorouracil,Other
DPYD,Y109N,rs1212037891,fluorouracil,Other
MTHFR,A222V,rs1801133,pemetrexed,Efficacy
SULT1A3,S8P,rs767263838,acetaminophen,Metabolism/PK
SULT1A3,S8P,rs767263838,morphine,Metabolism/PK
SULT1A3,S8P,rs767263838,tapentadol,Metabolism/PK
SULT1A3,P10R,rs757573592,acetaminophen,Metabolism/PK
SULT1A3,P10R,rs757573592,morphine,Metabolism/PK
SULT1A3,P10R,rs757573592,tapentadol,Metabolism/PK
SULT1A3,T7P,rs776817009,acetaminophen,Metabolism/PK
SULT1A3,T7P,rs776817009,tapentadol,Metabolism/PK
SULT1A3,R9C,rs762151655,acetaminophen,Metabolism/PK
SULT1A3,R9C,rs762151655,morphine,Metabolism/PK
SULT1A3,R9C,rs762151655,tapentadol,Metabolism/PK
SULT1A3,V15M,rs750575779,acetaminophen,Metabolism/PK
SULT1A3,V15M,rs750575779,tapentadol,Metabolism/PK
SULT1A3,V18F,rs553050853,acetaminophen,Metabolism/PK
SULT1A3,V18F,rs553050853,morphine,Metabolism/PK
SULT1A3,V18F,rs553050853,tapentadol,Metabolism/PK
SULT1A3,P101L,rs751527244,acetaminophen,Metabolism/PK
SULT1A3,P101L,rs751527244,morphine,Metabolism/PK
SULT1A3,P101L,rs751527244,tapentadol,Metabolism/PK
SULT1A3,R144C,rs1293732453,acetaminophen,Metabolism/PK
SULT1A3,R144C,rs1293732453,morphine,Metabolism/PK
SULT1A3,R144C,rs1293732453,tapentadol,Metabolism/PK
SULT1A3,K234N,rs1328799050,acetaminophen,Metabolism/PK
SULT1A3,K234N,rs1328799050,morphine,Metabolism/PK
SULT1A3,K234N,rs1328799050,tapentadol,Metabolism/PK
ABCB1,I1145M,rs1045642,oxcarbazepine,"Efficacy,Metabolism/PK"
ANKK1,E713K,rs1800497,bupropion,Efficacy
ABCB1,I1145M,rs1045642,losartan,Efficacy
TNFRSF1B,M196R,rs1061622,etanercept,Efficacy
ABCB1,I1145M,rs1045642,fentanyl,Toxicity
ABCB1,S893A,rs2032582,fentanyl,Toxicity
ABCB1,N21H,rs9282564,tacrolimus,Metabolism/PK
ABCB1,S400N,rs2229109,tacrolimus,Efficacy
KMT2E,G999C,rs117986340,duloxetine,Efficacy
ABCB1,I1145M,rs1045642,codeine,Toxicity
ATIC,T116S,rs2372536,methotrexate,Efficacy
ITPA,P32T,rs1127354,methotrexate,"Efficacy,Toxicity"
XRCC1,R194W,rs1799782,Platinum compounds,Efficacy
SLC19A1,H27R,rs1051266,Platinum compounds,Efficacy
HLA-DRB1,M171L,rs701829,dapsone,Toxicity
HLA-DRB1,S133L,rs201929247,dapsone,Toxicity
XRCC1,Q399R,rs25487,fluorouracil,Efficacy
ABCC2,V417I,rs2273697,ceftriaxone,Metabolism/PK
ABCC2,V417I,rs2273697,imatinib,Efficacy
SLC19A1,H27R,rs1051266,imatinib,Toxicity
TRPV1,T469I,rs224534,acetaminophen,Efficacy
UGT2B15,Y85D,rs1902023,acetaminophen,Efficacy
ABCB1,S893A,rs2032582,methylphenidate,Toxicity
ABCB1,I1145M,rs1045642,tramadol,Metabolism/PK
ABCB1,S893A,rs2032582,tramadol,Metabolism/PK
KCNJ11,K23Q,rs5219,tacrolimus,Toxicity
COMT,V158M,rs4680,nicotine,Toxicity
KCNH2,N588K,rs104894021,disopyramide,Efficacy
KCNH2,N588K,rs104894021,quinidine,Efficacy
CHRNA4,C226W,rs1044394,ethanol,Toxicity
OPRM1,N40D,rs1799971,nicotine,Efficacy
CYP2B6,K262R,rs2279343,nicotine,Metabolism/PK
ANKK1,E713K,rs1800497,nicotine,Toxicity
BDNF,V66M,rs6265,methamphetamine,Toxicity
COMT,V158M,rs4680,modafinil,Efficacy
PPARG,P12A,rs1801282,pioglitazone,Efficacy
ANKK1,E713K,rs1800497,prochlorperazine,Efficacy
OPRM1,N40D,rs1799971,heroin,Toxicity
ABCB1,I1145M,rs1045642,opioids,Other
ANKK1,E713K,rs1800497,opioids,Toxicity
OPRM1,N40D,rs1799971,cannabinoids,Toxicity
OPRM1,N40D,rs1799971,nicotine,Toxicity
UGT2B15,Y85D,rs1902023,oxazepam,Metabolism/PK
UGT2B15,Y85D,rs1902023,lorazepam,Metabolism/PK
CYP1B1,A119S,rs1056827,risperidone,Efficacy
CYP1B1,R48G,rs10012,risperidone,Efficacy
CYP2E1,F421L,rs2515641,risperidone,Efficacy
OPRM1,N40D,rs1799971,ethanol,Dosage
ABCB1,I1145M,rs1045642,opioids,Dosage
ABCB1,I1145M,rs1045642,oxycodone,Dosage
CHRNA3,K97N,rs3743075,nicotine,Toxicity
PNPLA3,I148M,rs738409,ethanol,Toxicity
ADRB2,R175W,rs1042718,fentanyl,Other
GC,D432E,rs7041,deferasirox,Efficacy
SLC22A1,M408V,rs628031,imatinib,"Efficacy,Toxicity,Metabolism/PK"
ABCG2,V12M,rs2231137,imatinib,Dosage
SCN4A,I1310N,rs1567817380,mexiletine,Efficacy
SCN4A,N1297K,rs121908560,mexiletine,Efficacy
SCN4A,I1310N,rs1567817380,flecainide,Efficacy
SCN4A,F1298C,rs886043595,mexiletine,Efficacy
SCN4A,T1313M,rs121908547,mexiletine,Efficacy
SCN4A,T1313M,rs121908547,flecainide,Efficacy
GLA,D33G,rs869312136,migalastat,Efficacy
GLA,A156T,rs28935195,migalastat,Efficacy
GLA,G85A,rs1569304898,migalastat,Efficacy
GLA,G183D,rs398123212,migalastat,Efficacy
GLA,R356W,rs104894827,migalastat,Efficacy
GLA,R112H,rs372966991,migalastat,Efficacy
GLA,M187I,rs869312146,migalastat,Efficacy
GLA,P205T,rs397515870,migalastat,Efficacy
GLA,L300P,rs398123223,migalastat,Efficacy
GLA,D313Y,rs28935490,migalastat,Efficacy
GLA,L36W,rs869312138,migalastat,Efficacy
GLA,Y216C,rs398123217,migalastat,Efficacy
GLA,L243F,rs397515874,migalastat,Efficacy
GLA,I253T,rs727505292,migalastat,Efficacy
GLA,P259L,rs869312399,migalastat,Efficacy
GLA,R301L,rs104894828,migalastat,Efficacy
GLA,D322E,rs398123226,migalastat,Efficacy
GLA,G373S,rs727504348,migalastat,Efficacy
GLA,D264N,rs190347120,migalastat,Efficacy
OPRM1,N40D,rs1799971,tianeptine,Toxicity
CYP2C9,P73L,rs762081829,tolbutamide,Metabolism/PK
CYP2C9,I264S,rs761895497,tolbutamide,Metabolism/PK
CYP2C19,A173D,rs61311738,mephenytoin,Metabolism/PK
CYP2C19,V113I,rs145119820,mephenytoin,Metabolism/PK
CYP2C19,Q193R,rs1187513719,mephenytoin,Metabolism/PK
CYP2C19,Q22R,rs144928727,mephenytoin,Metabolism/PK
SULT1A1,M77I,rs765399160,desmethylnaproxen,Metabolism/PK
SULT1A1,M77I,rs765399160,acetaminophen,Metabolism/PK
SULT1A1,R37L,rs72547527,acetaminophen,Metabolism/PK
SULT1A1,R37L,rs72547527,desmethylnaproxen,Metabolism/PK
SULT1A1,R37L,rs72547527,tapentadol,Metabolism/PK
SULT1A1,H71Y,rs1042008,acetaminophen,Metabolism/PK
SULT1A1,H71Y,rs1042008,tapentadol,Metabolism/PK
SULT1A1,H71Y,rs1042008,desmethylnaproxen,Metabolism/PK
SULT1A1,P47S,rs544820732,acetaminophen,Metabolism/PK
SULT1A1,P47S,rs544820732,desmethylnaproxen,Metabolism/PK
SULT1A1,P47S,rs544820732,tapentadol,Metabolism/PK
AQP1,G165D,rs28362731,cisplatin,Toxicity
ADRB1,S49G,rs1801252,metoprolol,Efficacy
HSD3B1,T367I,rs1047303,glucocorticoids,Efficacy
SLC15A2,L350V,rs2257212,sorafenib,Efficacy
ADH1B,H48R,rs1229984,acetaldehyde,Metabolism/PK
CCL11,A23P,rs1129844,methadone,Toxicity
ALDH1L1,V330L,rs2886059,methylphenidate,Efficacy
SLC22A2,S270A,rs316019,cisplatin,Toxicity
PAH,R158P,rs5030843,l-phenylalanine,Metabolism/PK
PAH,I65S,rs75193786,carbocisteine,Metabolism/PK
PAH,R158P,rs5030843,carbocisteine,Metabolism/PK
PAH,R68S,rs76394784,carbocisteine,Metabolism/PK
PAH,I174N,rs138809906,l-phenylalanine,Metabolism/PK
PAH,I174N,rs138809906,carbocisteine,Metabolism/PK
PAH,R261Q,rs5030849,l-phenylalanine,Metabolism/PK
PAH,R261Q,rs5030849,carbocisteine,Metabolism/PK
PAH,V388L,rs62516101,carbocisteine,Metabolism/PK
PAH,V388L,rs62516101,l-phenylalanine,Metabolism/PK
PAH,R408W,rs5030858,l-phenylalanine,Metabolism/PK
PAH,R408W,rs5030858,carbocisteine,Metabolism/PK
PAH,Y414C,rs5030860,carbocisteine,Metabolism/PK
PAH,Y414C,rs5030860,l-phenylalanine,Metabolism/PK
PAH,R68S,rs76394784,l-phenylalanine,Metabolism/PK
SLC22A2,S270A,rs316019,Platinum compounds,Toxicity
APOE,C130R,rs429358,hmg coa reductase inhibitors,Efficacy
APOE,R176C,rs7412,pravastatin,Efficacy
APOE,R176C,rs7412,fluvastatin,Efficacy
APOE,R176C,rs7412,fenofibrate,Efficacy
APOE,R176C,rs7412,warfarin,Efficacy
APOE,C130R,rs429358,warfarin,Efficacy
APOE,C130R,rs429358,simvastatin,Efficacy
ABCB1,I1145M,rs1045642,atorvastatin,Efficacy
SLCO1B3,S112P,rs4149117,mycophenolic acid,Efficacy
SLCO1B3,M233I,rs7311358,mycophenolic acid,Efficacy
TRPV1,P91S,rs222749,botulinum toxin type a,Efficacy
SLCO1B1,V174A,rs4149056,letermovir,Metabolism/PK
UGT1A1,G71R,rs4148323,letermovir,Metabolism/PK
APOB,A618V,rs679899,warfarin,Toxicity
APOB,T98I,rs1367117,warfarin,Toxicity
SLCO1B1,V174A,rs4149056,amprenavir,Metabolism/PK
NUCB2,Q338E,rs757081,hydrochlorothiazide,Efficacy
RRP1B,L436P,rs9306160,atenolol,Efficacy
SH2B3,W262G,rs3184504,candesartan,Efficacy
SULT1C3,M194T,rs6722745,candesartan,Efficacy
ABCB1,I1145M,rs1045642,remifentanil,Dosage
ABCB1,I1145M,rs1045642,remifentanil,Efficacy
CHRNA4,S543R,rs1044396,nicotine,Toxicity
UGT2B7,Y268H,rs7439366,morphine,Efficacy
UGT2B7,Y268H,rs7439366,morphine,Metabolism/PK
SLC28A2,P22L,rs11854484,tenofovir disoproxil fumarate,Toxicity
ABCB1,S400N,rs2229109,temozolomide,Efficacy
SLC16A5,L41M,rs4788863,cisplatin,Toxicity
ABCB1,I1145M,rs1045642,efavirenz,Other
IKBKE,P713L,rs3748022,gefitinib,Toxicity
ANKK1,E713K,rs1800497,ethanol,Toxicity
FAAH,P129T,rs324420,methamphetamine,Other
GAD1,H37Q,rs769404,methadone,Dosage
CRYBG2,S902Y,rs36024412,opioids,Toxicity
POM121L2,A967P,rs41269255,opioids,Toxicity
MUC16,V8969M,rs11882256,opioids,Toxicity
PDE3A,D12N,rs12305038,opioids,Toxicity
ABCB1,I1145M,rs1045642,cytarabine,Efficacy
ADRA2A,N266K,rs1800035,dexmedetomidine,Efficacy
ADRA2A,R3C,rs201376588,dexmedetomidine,Efficacy
ADRA2A,P15L,rs775887911,dexmedetomidine,Efficacy
UGT2B7,Y268H,rs7439366,fentanyl,Efficacy
COMT,V158M,rs4680,opioids,Toxicity
CYP2C9,N218I,rs780801862,phenytoin,Metabolism/PK
CYP2C9,N218I,rs780801862,warfarin,Metabolism/PK
ADH1B,R370H,rs75967634,ethanol,Toxicity
ADH1B,H48R,rs1229984,ethanol,Toxicity
ABCB1,I1145M,rs1045642,phenytoin,Efficacy
OPRM1,N40D,rs1799971,ethanol,Toxicity
ABCB1,N21H,rs9282564,opioids,Toxicity
CYP2B6,K262R,rs2279343,methadone,Toxicity
CYP2A7P1,Q172H,rs3745274,methadone,Toxicity
COMT,V158M,rs4680,methadone,Toxicity
SLC28A2,P22L,rs11854484,gemcitabine,Efficacy
CYP2B6,I328T,rs28399499,nevirapine,Metabolism/PK
XPC,Q939E,rs2228001,cisplatin,Toxicity
ABCG2,Q141K,rs2231142,sunitinib,Toxicity
SLCO1B1,V174A,rs4149056,lovastatin acid,Metabolism/PK
ANKK1,E713K,rs1800497,risperidone,Toxicity
COMT,V158M,rs4680,nicotine,Efficacy
CDA,K27Q,rs2072671,gemcitabine,Toxicity
UMPS,G213A,rs1801019,tegafur,Toxicity
SLCO1B1,V174A,rs4149056,lopinavir,Metabolism/PK
ABCG2,Q141K,rs2231142,allopurinol,Efficacy
ANKK1,E713K,rs1800497,nicotine,Efficacy
CYP4F2,V433M,rs2108622,phenprocoumon,Dosage
EPHX1,H139R,rs2234922,carbamazepine,Dosage
ABCB1,I1145M,rs1045642,digoxin,Metabolism/PK
UGT2B10,D67Y,rs61750900,nicotine,Metabolism/PK
SOD2,V16A,rs4880,cyclophosphamide,Efficacy
FLT3,T227M,rs1933437,sunitinib,Toxicity
CBR3,V244M,rs1056892,anthracyclines and related substances,Toxicity
SLCO1B1,V174A,rs4149056,cerivastatin,Toxicity
ABCB1,S893A,rs2032582,simvastatin,Efficacy
OPRM1,N40D,rs1799971,naloxone,Efficacy
KCNJ11,K23Q,rs5219,gliclazide,Efficacy
OPRM1,N40D,rs1799971,alfentanil,Efficacy
OPRM1,N40D,rs1799971,alfentanil,Toxicity
OPRM1,N40D,rs1799971,alfentanil,Metabolism/PK
OPRM1,N40D,rs1799971,alfentanil,Dosage
OPRM1,N40D,rs1799971,fentanyl,Toxicity
OPRM1,N40D,rs1799971,fentanyl,Efficacy
OPRM1,N40D,rs1799971,fentanyl,Dosage
OPRM1,N40D,rs1799971,hydrocodone,Toxicity
OPRM1,N40D,rs1799971,morphine,Toxicity
OPRM1,N40D,rs1799971,codeine,Dosage
COMT,V158M,rs4680,buprenorphine,Toxicity
COMT,V158M,rs4680,fentanyl,Efficacy
COMT,V158M,rs4680,fentanyl,Toxicity
COMT,V158M,rs4680,morphine,Dosage
COMT,V158M,rs4680,remifentanil,Efficacy
COMT,V158M,rs4680,opioids,Efficacy
COMT,V158M,rs4680,oxycodone,Efficacy
OPRM1,N40D,rs1799971,opioids,Toxicity
OPRM1,N40D,rs1799971,opioids,Efficacy
OPRM1,N40D,rs1799971,oxycodone,Efficacy
OPRM1,N40D,rs1799971,methadone,Toxicity
NQO1,P187S,rs1800566,Platinum compounds,Efficacy
GP1BA,T161M,rs6065,aspirin,Efficacy
GSTP1,I105V,rs1695,cisplatin,Toxicity
GSTP1,I105V,rs1695,cyclophosphamide,Efficacy
ABCB1,I1145M,rs1045642,fentanyl,Dosage
ABCB1,I1145M,rs1045642,ondansetron,Efficacy
ABCB1,S893A,rs2032582,ondansetron,Efficacy
OPRM1,N40D,rs1799971,opioids,Dosage
UGT1A4,L48M,rs2011425,lamotrigine,Metabolism/PK
ABCB1,I1145M,rs1045642,nevirapine,Toxicity
SLC22A1,G465R,rs34059508,olanzapine,Metabolism/PK
GSTP1,I105V,rs1695,Platinum compounds,Toxicity
ABCB1,S893A,rs2032582,atorvastatin,Efficacy
SLCO1B3,G256A,rs60140950,telmisartan,Metabolism/PK
CYP2C9,N218I,rs780801862,naproxen,Metabolism/PK
CFTR,A561E,rs121909047,lumacaftor,Efficacy
CFTR,R334W,rs121909011,ivacaftor,Efficacy
CFTR,G1249R,rs397508602,ivacaftor,Efficacy
CFTR,R668C,rs1800100,ivacaftor,Efficacy
CFTR,L997F,rs1800111,ivacaftor,Efficacy
CFTR,M1V,rs397508328,ivacaftor,Efficacy
CFTR,R1066L,rs121909019,ivacaftor,Efficacy
CFTR,H1054D,rs397508510,ivacaftor,Efficacy
CFTR,E92K,rs121908751,ivacaftor,Efficacy
CFTR,I336K,rs397508139,ivacaftor,Efficacy
CFTR,S1235R,rs34911792,ivacaftor,Efficacy
CFTR,T338I,rs77409459,ivacaftor,Efficacy
CFTR,L927P,rs397508435,ivacaftor,Efficacy
CFTR,A561E,rs121909047,ivacaftor,Efficacy
RYR1,R614C,rs118192172,hmg coa reductase inhibitors,Toxicity
COMT,V158M,rs4680,opioids,Dosage
OPRM1,R181C,rs79910351,fentanyl,Efficacy
OPRM1,R181C,rs79910351,remifentanil,Efficacy
ABCB1,I1145M,rs1045642,opioids,Toxicity
OPRM1,N40D,rs1799971,sufentanil,Dosage
ABCB1,S893A,rs2032582,sufentanil,Dosage
VKORC1,V66M,rs72547529,warfarin,"Dosage,Efficacy"
SLCO1B1,V174A,rs4149056,simvastatin,Efficacy
COMT,V158M,rs4680,propranolol,Efficacy
ADRB1,S49G,rs1801252,carvedilol,Efficacy
CFTR,G542R,rs113993959,ataluren,Other
KRAS,G13V,rs112445441,cetuximab,Efficacy
APOA5,S19L,rs3135506,fenofibrate,Efficacy
ABCB1,I1145M,rs1045642,methadone,Metabolism/PK
CYP2A7P1,Q172H,rs3745274,opioids,Toxicity
DRD3,G9S,rs6280,opioids,Toxicity
CYP2D6,P34A,rs1065852,opioids,Toxicity
ABCB1,I1145M,rs1045642,tramadol,Efficacy
OPRM1,N40D,rs1799971,tramadol,Efficacy
ABCB1,S893A,rs2032582,tramadol,Efficacy
COMT,V158M,rs4680,morphine,Efficacy
OPRM1,N40D,rs1799971,morphine,Efficacy
ABCA1,R219K,rs2230806,atorvastatin,Efficacy
ABCA1,R219K,rs2230806,rosuvastatin,Efficacy
ABCA1,R219K,rs2230806,simvastatin,Efficacy
CETP,V422I,rs5882,rosuvastatin,Efficacy
ABCB1,I1145M,rs1045642,oseltamivir,Toxicity
ABCG2,Q141K,rs2231142,lamotrigine,Metabolism/PK
SLC22A1,M408V,rs628031,lamotrigine,Metabolism/PK
BCHE,R414C,rs745364489,succinylcholine,Toxicity
BCHE,D98G,rs1799807,succinylcholine,Toxicity
BCHE,A567T,rs1803274,succinylcholine,Toxicity
CYP2D6,P34A,rs1065852,escitalopram,Efficacy
COMT,V158M,rs4680,sufentanil,Dosage
SLCO1B1,V174A,rs4149056,pravastatin,Efficacy
ABCC2,V1188E,rs17222723,methotrexate,Toxicity
GSTP1,I105V,rs1695,doxorubicin,Toxicity
SOD2,V16A,rs4880,methotrexate,Other
AGT,T207M,rs4762,irbesartan,Efficacy
AGT,M268T,rs699,irbesartan,Efficacy
AGT,M268T,rs699,atenolol,Efficacy
BCHE,L222R,rs764841347,succinylcholine,Toxicity
BCHE,E469Q,rs1560022535,succinylcholine,Toxicity
BCHE,F56I,rs531738678,succinylcholine,Toxicity
BCHE,G143D,rs201820739,succinylcholine,Toxicity
BCHE,G418A,rs28933390,succinylcholine,Toxicity
MTHFD1,R653Q,rs2236225,methotrexate,Efficacy
SLCO1B1,V174A,rs4149056,methotrexate,Efficacy
ABCB1,I1145M,rs1045642,rivaroxaban,Toxicity
GGH,A31S,rs11545077,methotrexate,Efficacy
CYP2A7P1,Q172H,rs3745274,tramadol,Metabolism/PK
ABCB1,S893A,rs2032582,methadone,Metabolism/PK
CYP2C9,N218I,rs780801862,flurbiprofen,Metabolism/PK
ABCC2,V417I,rs2273697,talinolol,Metabolism/PK
GSTP1,A114V,rs1138272,thiotepa,Metabolism/PK
ABCB1,S893A,rs2032582,pravastatin,Efficacy
SLC22A1,R61C,rs12208357,tramadol,Metabolism/PK
NQO1,P187S,rs1800566,warfarin,Efficacy
CYP2C9,S115R,rs771237265,tolbutamide,Metabolism/PK
CYP2C19,R186C,rs183701923,mephenytoin,Metabolism/PK
OPRM1,N40D,rs1799971,nicotine,Other
DRD3,G9S,rs6280,levodopa,Toxicity
ABCB1,I1145M,rs1045642,methotrexate,Metabolism/PK
SLCO1B1,V174A,rs4149056,methotrexate,Metabolism/PK
SLCO1B1,N130H,rs2306283,methotrexate,Metabolism/PK
ABCB1,I1145M,rs1045642,methotrexate,"Efficacy,Toxicity"
SLC19A1,H27R,rs1051266,methotrexate,Toxicity
MTHFR,E429A,rs1801131,methotrexate,Toxicity
ABCB1,I1145M,rs1045642,methotrexate,Toxicity
MTR,D919G,rs1805087,methotrexate,Efficacy
MTR,D919G,rs1805087,methotrexate,Toxicity
MTHFD1,R653Q,rs2236225,methotrexate,Toxicity
CYP2B6,K262R,rs2279343,methadone,Dosage
ABCB1,I1145M,rs1045642,methadone,Dosage
ADH1C,I350V,rs698,naltrexone,Efficacy
ADH1B,R370C,rs2066702,naltrexone,Efficacy
OPRM1,N40D,rs1799971,morphine,Dosage
AKR1C4,L311V,rs17134592,naltrexone,Metabolism/PK
AKR1C4,S145Y,rs3829125,naltrexone,Metabolism/PK
CYP2A6,V110I,rs72549435,nicotine,Metabolism/PK
CYP2A6,R64S,rs199515342,nicotine,Metabolism/PK
CYP2A6,R190H,rs571335587,nicotine,Metabolism/PK
CYP2A6,E419K,rs768416963,nicotine,Metabolism/PK
CYP2A6,I434V,rs1302192284,nicotine,Metabolism/PK
CYP2A6,M275I,rs111869995,nicotine,Metabolism/PK
CYP2A6,E330D,rs137904044,nicotine,Metabolism/PK
CYP2A6,T378I,rs114558780,nicotine,Metabolism/PK
CYP2A6,I61F,rs200554095,nicotine,Metabolism/PK
CYP2A6,M368I,rs772964366,nicotine,Metabolism/PK
CYP2A6,G115D,rs758479488,nicotine,Metabolism/PK
CYP2A6,R257C,rs145157460,nicotine,Metabolism/PK
CYP2A6,I300T,rs148693084,nicotine,Metabolism/PK
CYP2A6,V323M,rs1303839356,nicotine,Metabolism/PK
CYP2A6,F362S,rs778019189,nicotine,Metabolism/PK
CYP2A6,R64H,rs374515279,nicotine,Metabolism/PK
CYP2A6,V140A,rs777098658,nicotine,Metabolism/PK
CYP2A6,E97K,rs145308399,nicotine,Metabolism/PK
CYP2A6,I471T,rs5031016,nicotine,Metabolism/PK
FAAH,P129T,rs324420,morphine,Toxicity
OPRM1,N40D,rs1799971,oxycodone,Dosage
CYP2B6,Q172H,rs3745274,methadone,Dosage
ABCG2,Q141K,rs2231142,atorvastatin,Other
ABCG2,Q141K,rs2231142,simvastatin,Metabolism/PK
ABCG2,Q141K,rs2231142,fluvastatin,Metabolism/PK
MTHFR,A222V,rs1801133,methotrexate,Metabolism/PK
MTHFR,A222V,rs1801133,folic acid,Metabolism/PK
MTHFR,A222V,rs1801133,methotrexate,Efficacy
ABCC4,K1116N,rs1751034,tenofovir,Metabolism/PK
ABCB1,I1145M,rs1045642,highly active antiretroviral therapy (haart),Efficacy
ABCB1,I1145M,rs1045642,tramadol,Toxicity
SLCO1B1,V174A,rs4149056,Glucarpidase,Toxicity
VEGFB,D136E,rs12366035,sorafenib,Toxicity
